817
817
817
17
16
784
0,0
1,1
2,2
3,3
4,4
5,5
6,6
7,7
8,8
9,9
10,10
11,11
12,12
13,13
14,14
15,15
16,16
17,17
18,18
19,19
20,20
21,21
22,22
23,23
24,24
25,25
26,26
27,27
28,28
29,29
30,30
31,31
32,32
33,33
34,34
35,35
36,36
37,37
38,38
39,39
40,40
41,41
42,42
43,43
44,44
45,45
46,46
47,47
48,48
49,49
50,50
51,51
52,52
53,53
54,54
55,55
56,56
57,57
58,58
59,59
60,60
61,61
62,62
63,63
64,64
65,65
66,66
67,67
68,68
69,69
70,70
71,71
72,72
73,73
74,74
75,75
76,76
77,77
78,78
79,79
80,80
81,81
82,82
83,83
84,84
85,85
86,86
87,87
88,88
89,89
90,90
91,91
92,92
93,93
94,94
95,95
96,96
97,97
98,98
99,99
100,100
101,101
102,102
103,103
104,104
105,105
106,106
107,107
108,108
109,109
110,110
111,111
112,112
113,113
114,114
115,115
116,116
117,117
118,118
119,119
120,120
121,121
122,122
123,123
124,124
125,125
126,126
127,127
128,128
129,129
130,130
131,131
132,132
133,133
134,134
135,135
136,136
137,137
138,138
139,139
140,140
141,141
142,142
143,143
144,144
145,145
146,146
147,147
148,148
149,149
150,150
151,151
152,152
153,153
154,154
155,155
156,156
157,157
158,158
159,159
160,160
161,161
162,162
163,163
164,164
165,165
166,166
167,167
168,168
169,169
170,170
171,171
172,172
173,173
174,174
175,175
176,176
177,177
178,178
179,179
180,180
181,181
182,182
183,183
184,184
185,185
186,186
187,187
188,188
189,189
190,190
191,191
192,192
193,193
194,194
195,195
196,196
197,197
198,198
199,199
200,200
201,201
202,202
203,203
204,204
205,205
206,206
207,207
208,208
209,209
210,210
211,211
212,212
213,213
214,214
215,215
216,216
217,217
218,218
219,219
220,220
221,221
222,222
223,223
224,224
225,225
226,226
227,227
228,228
229,229
230,230
231,231
232,232
233,233
234,234
235,235
236,236
237,237
238,238
239,239
240,240
241,241
242,242
243,243
244,244
245,245
246,246
247,247
248,248
249,249
250,250
251,251
252,252
253,253
254,254
255,255
256,256
257,257
258,258
259,259
260,260
261,261
262,262
263,263
264,264
265,265
266,266
267,267
268,268
269,269
270,270
271,271
272,272
273,273
274,274
275,275
276,276
277,277
278,278
279,279
280,280
281,281
282,282
283,283
284,284
285,285
286,286
287,287
288,288
289,289
290,290
291,291
292,292
293,293
294,294
295,295
296,296
297,297
298,298
299,299
300,300
301,301
302,302
303,303
304,304
305,305
306,306
307,307
308,308
309,309
310,310
311,311
312,312
313,313
314,314
315,315
316,316
317,317
318,318
319,319
320,320
321,321
322,322
323,323
324,324
325,325
326,326
327,327
328,328
329,329
330,330
331,331
332,332
333,333
334,334
335,335
336,336
337,337
338,338
339,339
340,340
341,341
342,342
343,343
344,344
345,345
346,346
347,347
348,348
349,349
350,350
351,351
352,352
353,353
354,354
355,355
356,356
357,357
358,358
359,359
360,360
361,361
362,362
363,363
364,364
365,365
366,366
367,367
368,368
369,369
370,370
371,371
372,372
373,373
374,374
375,375
376,376
377,377
378,378
379,379
380,380
381,381
382,382
383,383
384,384
385,385
386,386
387,387
388,388
389,389
390,390
391,391
392,392
393,393
394,394
395,395
396,396
397,397
398,398
399,399
400,400
401,401
402,402
403,403
404,404
405,405
406,406
407,407
408,408
409,409
410,410
411,411
412,412
413,413
414,414
415,415
416,416
417,417
418,418
419,419
420,420
421,421
422,422
423,423
424,424
425,425
426,426
427,427
428,428
429,429
430,430
431,431
432,432
433,433
434,434
435,435
436,436
437,437
438,438
439,439
440,440
441,441
442,442
443,443
444,444
445,445
446,446
447,447
448,448
449,449
450,450
451,451
452,452
453,453
454,454
455,455
456,456
457,457
458,458
459,459
460,460
461,461
462,462
463,463
464,464
465,465
466,466
467,467
468,468
469,469
470,470
471,471
472,472
473,473
474,474
475,475
476,476
477,477
478,478
479,479
480,480
481,481
482,482
483,483
484,484
485,485
486,486
487,487
488,488
489,489
490,490
491,491
492,492
493,493
494,494
495,495
496,496
497,497
498,498
499,499
500,500
501,501
502,502
503,503
504,504
505,505
506,506
507,507
508,508
509,509
510,510
511,511
512,512
513,513
514,514
515,515
516,516
517,517
518,518
519,519
520,520
521,521
522,522
523,523
524,524
525,525
526,526
527,527
528,528
529,529
530,530
531,531
532,532
533,533
534,534
535,535
536,536
537,537
538,538
539,539
540,540
541,541
542,542
543,543
544,544
545,545
546,546
547,547
548,548
549,549
550,550
551,551
552,552
553,553
554,554
555,555
556,556
557,557
558,558
559,559
560,560
561,561
562,562
563,563
564,564
565,565
566,566
567,567
568,568
569,569
570,570
571,571
572,572
573,573
574,574
575,575
576,576
577,577
578,578
579,579
580,580
581,581
582,582
583,583
584,584
585,585
586,586
587,587
588,588
589,589
590,590
591,591
592,592
593,593
594,594
595,595
596,596
597,597
598,598
599,599
600,600
601,601
602,602
603,603
604,604
605,605
606,606
607,607
608,608
609,609
610,610
611,611
612,612
613,613
614,614
615,615
616,616
617,617
618,618
619,619
620,620
621,621
622,622
623,623
624,624
625,625
626,626
627,627
628,628
629,629
630,630
631,631
632,632
633,633
634,634
635,635
636,636
637,637
638,638
639,639
640,640
641,641
642,642
643,643
644,644
645,645
646,646
647,647
648,648
649,649
650,650
651,651
652,652
653,653
654,654
655,655
656,656
657,657
658,658
659,659
660,660
661,661
662,662
663,663
664,664
665,665
666,666
667,667
668,668
669,669
670,670
671,671
672,672
673,673
674,674
675,675
676,676
677,677
678,678
679,679
680,680
681,681
682,682
683,683
684,684
685,685
686,686
687,687
688,688
689,689
690,690
691,691
692,692
693,693
694,694
695,695
696,696
697,697
698,698
699,699
700,700
701,701
702,702
703,703
704,704
705,705
706,706
707,707
708,708
709,709
710,710
711,711
712,712
713,713
714,714
715,715
716,716
717,717
718,718
719,719
720,720
721,721
722,722
723,723
724,724
725,725
726,726
727,727
728,728
729,729
730,730
731,731
732,732
733,733
734,734
735,735
736,736
737,737
738,738
739,739
740,740
741,741
742,742
743,743
744,744
745,745
746,746
747,747
748,748
749,749
750,750
751,751
752,752
753,753
754,754
755,755
756,756
757,757
758,758
759,759
760,760
761,761
762,762
763,763
764,764
765,765
766,766
767,767
768,768
769,769
770,770
771,771
772,772
773,773
774,774
775,775
776,776
777,777
778,778
779,779
780,780
781,781
782,782
783,783
1
0,816
0,0.0000000000
1,0.0000000000
2,0.0000000000
3,0.0000000000
4,0.0000000000
5,0.0000000000
6,0.0000000000
7,0.0000000000
8,0.0000000000
9,0.0000000000
10,0.0000000000
11,0.0000000000
12,0.0000000000
13,0.0000000000
14,0.0000000000
15,0.0000000000
16,0.0000000000
17,0.0000000000
18,0.0000000000
19,0.0000000000
20,0.0000000000
21,0.0000000000
22,0.0000000000
23,0.0000000000
24,0.0000000000
25,0.0000000000
26,0.0000000000
27,0.0000000000
28,0.0000000000
29,0.0000000000
30,0.0000000000
31,0.0000000000
32,0.0000000000
33,0.0000000000
34,0.0000000000
35,0.0000000000
36,0.0000000000
37,0.0000000000
38,0.0000000000
39,0.0000000000
40,0.0000000000
41,0.0000000000
42,0.0000000000
43,0.0000000000
44,0.0000000000
45,0.0000000000
46,0.0000000000
47,0.0000000000
48,0.0000000000
49,0.0000000000
50,0.0000000000
51,0.0000000000
52,0.0000000000
53,0.0000000000
54,0.0000000000
55,0.0000000000
56,0.0000000000
57,0.0000000000
58,0.0000000000
59,0.0000000000
60,0.0000000000
61,0.0000000000
62,0.0000000000
63,0.0000000000
64,0.0000000000
65,0.0000000000
66,0.0000000000
67,0.0000000000
68,0.0000000000
69,0.0000000000
70,0.0000000000
71,0.0000000000
72,0.0000000000
73,0.0000000000
74,0.0000000000
75,0.0000000000
76,0.0000000000
77,0.0000000000
78,0.0000000000
79,0.0000000000
80,0.0000000000
81,0.0000000000
82,0.0000000000
83,0.0000000000
84,0.0000000000
85,0.0000000000
86,0.0000000000
87,0.0000000000
88,0.0000000000
89,0.0000000000
90,0.0000000000
91,0.0000000000
92,0.0000000000
93,0.0000000000
94,0.0000000000
95,0.0000000000
96,0.0000000000
97,0.0000000000
98,0.0000000000
99,0.0000000000
100,0.0000000000
101,0.0000000000
102,0.0000000000
103,0.0000000000
104,0.0000000000
105,0.0000000000
106,0.0000000000
107,0.0000000000
108,0.0000000000
109,0.0000000000
110,0.0000000000
111,0.0000000000
112,0.0000000000
113,0.0000000000
114,0.0000000000
115,0.0000000000
116,0.0000000000
117,0.0000000000
118,0.0000000000
119,0.0000000000
120,0.0000000000
121,0.0000000000
122,0.0000000000
123,0.0000000000
124,0.0000000000
125,0.0000000000
126,0.0000000000
127,0.0000000000
128,0.0000000000
129,0.0000000000
130,0.0000000000
131,0.0000000000
132,0.0000000000
133,0.0000000000
134,0.0000000000
135,0.0000000000
136,0.0000000000
137,0.0000000000
138,0.0000000000
139,0.0000000000
140,0.0000000000
141,0.0000000000
142,0.0000000000
143,0.0000000000
144,0.0000000000
145,0.0000000000
146,0.0000000000
147,0.0000000000
148,0.0000000000
149,0.0000000000
150,0.0000000000
151,0.0000000000
152,0.0000000000
153,0.0000000000
154,0.0000000000
155,0.0000000000
156,0.0000000000
157,0.0000000000
158,0.0000000000
159,0.0000000000
160,0.0000000000
161,0.0000000000
162,0.0000000000
163,0.0000000000
164,0.0000000000
165,0.0000000000
166,0.0000000000
167,0.0000000000
168,0.0000000000
169,0.0000000000
170,0.0000000000
171,0.0000000000
172,0.0000000000
173,0.0000000000
174,0.0000000000
175,0.0000000000
176,0.0000000000
177,0.0000000000
178,0.0000000000
179,0.0000000000
180,0.0000000000
181,0.0000000000
182,0.0000000000
183,0.0000000000
184,0.0000000000
185,0.0000000000
186,0.0000000000
187,0.0000000000
188,0.0000000000
189,0.0000000000
190,0.0000000000
191,0.0000000000
192,0.0000000000
193,0.0000000000
194,0.0000000000
195,0.0000000000
196,0.0000000000
197,0.0000000000
198,0.0000000000
199,0.0000000000
200,0.0000000000
201,0.0000000000
202,0.0000000000
203,0.0000000000
204,0.0000000000
205,0.0000000000
206,0.0000000000
207,0.0000000000
208,0.0000000000
209,0.0000000000
210,0.0000000000
211,0.0000000000
212,0.0000000000
213,0.0000000000
214,0.0000000000
215,0.0000000000
216,0.0000000000
217,0.0000000000
218,0.0000000000
219,0.0000000000
220,0.0000000000
221,0.0000000000
222,0.0000000000
223,0.0000000000
224,0.0000000000
225,0.0000000000
226,0.0000000000
227,0.0000000000
228,0.0000000000
229,0.0000000000
230,0.0000000000
231,0.0000000000
232,0.0000000000
233,0.0000000000
234,0.0000000000
235,0.0000000000
236,0.0000000000
237,0.0000000000
238,0.0000000000
239,0.0000000000
240,0.0000000000
241,0.0000000000
242,0.0000000000
243,0.0000000000
244,0.0000000000
245,0.0000000000
246,0.0000000000
247,0.0000000000
248,0.0000000000
249,0.0000000000
250,0.0000000000
251,0.0000000000
252,0.0000000000
253,0.0000000000
254,0.0000000000
255,0.0000000000
256,0.0000000000
257,0.0000000000
258,0.0000000000
259,0.0000000000
260,0.0000000000
261,0.0000000000
262,0.0000000000
263,0.0000000000
264,0.0000000000
265,0.0000000000
266,0.0000000000
267,0.0000000000
268,0.0000000000
269,0.0000000000
270,0.0000000000
271,0.0000000000
272,0.0000000000
273,0.0000000000
274,0.0000000000
275,0.0000000000
276,0.0000000000
277,0.0000000000
278,0.0000000000
279,0.0000000000
280,0.0000000000
281,0.0000000000
282,0.0000000000
283,0.0000000000
284,0.0000000000
285,0.0000000000
286,0.0000000000
287,0.0000000000
288,0.0000000000
289,0.0000000000
290,0.0000000000
291,0.0000000000
292,0.0000000000
293,0.0000000000
294,0.0000000000
295,0.0000000000
296,0.0000000000
297,0.0000000000
298,0.0000000000
299,0.0000000000
300,0.0000000000
301,0.0000000000
302,0.0000000000
303,0.0000000000
304,0.0000000000
305,0.0000000000
306,0.0000000000
307,0.0000000000
308,0.0000000000
309,0.0000000000
310,0.0000000000
311,0.0000000000
312,0.0000000000
313,0.0000000000
314,0.0000000000
315,0.0000000000
316,0.0000000000
317,0.0000000000
318,0.0000000000
319,0.0000000000
320,0.0000000000
321,0.0000000000
322,0.0000000000
323,0.0000000000
324,0.0000000000
325,0.0000000000
326,0.0000000000
327,0.0000000000
328,0.0000000000
329,0.0000000000
330,0.0000000000
331,0.0000000000
332,0.0000000000
333,0.0000000000
334,0.0000000000
335,0.0000000000
336,0.0000000000
337,0.0000000000
338,0.0000000000
339,0.0000000000
340,0.0000000000
341,0.0000000000
342,0.0000000000
343,0.0000000000
344,0.0000000000
345,0.0000000000
346,0.0000000000
347,0.0000000000
348,0.0000000000
349,0.0000000000
350,0.0000000000
351,0.0000000000
352,0.0000000000
353,0.0000000000
354,0.0000000000
355,0.0000000000
356,0.0000000000
357,0.0000000000
358,0.0000000000
359,0.0000000000
360,0.0000000000
361,0.0000000000
362,0.0000000000
363,0.0000000000
364,0.0000000000
365,0.0000000000
366,0.0000000000
367,0.0000000000
368,0.0000000000
369,0.0000000000
370,0.0000000000
371,0.0000000000
372,0.0000000000
373,0.0000000000
374,0.0000000000
375,0.0000000000
376,0.0000000000
377,0.0000000000
378,0.0000000000
379,0.0000000000
380,0.0000000000
381,0.0000000000
382,0.0000000000
383,0.0000000000
384,0.0000000000
385,0.0000000000
386,0.0000000000
387,0.0000000000
388,0.0000000000
389,0.0000000000
390,0.0000000000
391,0.0000000000
392,0.0000000000
393,0.0000000000
394,0.0000000000
395,0.0000000000
396,0.0000000000
397,0.0000000000
398,0.0000000000
399,0.0000000000
400,0.0000000000
401,0.0000000000
402,0.0000000000
403,0.0000000000
404,0.0000000000
405,0.0000000000
406,0.0000000000
407,0.0000000000
408,0.0000000000
409,0.0000000000
410,0.0000000000
411,0.0000000000
412,0.0000000000
413,0.0000000000
414,0.0000000000
415,0.0000000000
416,0.0000000000
417,0.0000000000
418,0.0000000000
419,0.0000000000
420,0.0000000000
421,0.0000000000
422,0.0000000000
423,0.0000000000
424,0.0000000000
425,0.0000000000
426,0.0000000000
427,0.0000000000
428,0.0000000000
429,0.0000000000
430,0.0000000000
431,0.0000000000
432,0.0000000000
433,0.0000000000
434,0.0000000000
435,0.0000000000
436,0.0000000000
437,0.0000000000
438,0.0000000000
439,0.0000000000
440,0.0000000000
441,0.0000000000
442,0.0000000000
443,0.0000000000
444,0.0000000000
445,0.0000000000
446,0.0000000000
447,0.0000000000
448,0.0000000000
449,0.0000000000
450,0.0000000000
451,0.0000000000
452,0.0000000000
453,0.0000000000
454,0.0000000000
455,0.0000000000
456,0.0000000000
457,0.0000000000
458,0.0000000000
459,0.0000000000
460,0.0000000000
461,0.0000000000
462,0.0000000000
463,0.0000000000
464,0.0000000000
465,0.0000000000
466,0.0000000000
467,0.0000000000
468,0.0000000000
469,0.0000000000
470,0.0000000000
471,0.0000000000
472,0.0000000000
473,0.0000000000
474,0.0000000000
475,0.0000000000
476,0.0000000000
477,0.0000000000
478,0.0000000000
479,0.0000000000
480,0.0000000000
481,0.0000000000
482,0.0000000000
483,0.0000000000
484,0.0000000000
485,0.0000000000
486,0.0000000000
487,0.0000000000
488,0.0000000000
489,0.0000000000
490,0.0000000000
491,0.0000000000
492,0.0000000000
493,0.0000000000
494,0.0000000000
495,0.0000000000
496,0.0000000000
497,0.0000000000
498,0.0000000000
499,0.0000000000
500,0.0000000000
501,0.0000000000
502,0.0000000000
503,0.0000000000
504,0.0000000000
505,0.0000000000
506,0.0000000000
507,0.0000000000
508,0.0000000000
509,0.0000000000
510,0.0000000000
511,0.0000000000
512,0.0000000000
513,0.0000000000
514,0.0000000000
515,0.0000000000
516,0.0000000000
517,0.0000000000
518,0.0000000000
519,0.0000000000
520,0.0000000000
521,0.0000000000
522,0.0000000000
523,0.0000000000
524,0.0000000000
525,0.0000000000
526,0.0000000000
527,0.0000000000
528,0.0000000000
529,0.0000000000
530,0.0000000000
531,0.0000000000
532,0.0000000000
533,0.0000000000
534,0.0000000000
535,0.0000000000
536,0.0000000000
537,0.0000000000
538,0.0000000000
539,0.0000000000
540,0.0000000000
541,0.0000000000
542,0.0000000000
543,0.0000000000
544,0.0000000000
545,0.0000000000
546,0.0000000000
547,0.0000000000
548,0.0000000000
549,0.0000000000
550,0.0000000000
551,0.0000000000
552,0.0000000000
553,0.0000000000
554,0.0000000000
555,0.0000000000
556,0.0000000000
557,0.0000000000
558,0.0000000000
559,0.0000000000
560,0.0000000000
561,0.0000000000
562,0.0000000000
563,0.0000000000
564,0.0000000000
565,0.0000000000
566,0.0000000000
567,0.0000000000
568,0.0000000000
569,0.0000000000
570,0.0000000000
571,0.0000000000
572,0.0000000000
573,0.0000000000
574,0.0000000000
575,0.0000000000
576,0.0000000000
577,0.0000000000
578,0.0000000000
579,0.0000000000
580,0.0000000000
581,0.0000000000
582,0.0000000000
583,0.0000000000
584,0.0000000000
585,0.0000000000
586,0.0000000000
587,0.0000000000
588,0.0000000000
589,0.0000000000
590,0.0000000000
591,0.0000000000
592,0.0000000000
593,0.0000000000
594,0.0000000000
595,0.0000000000
596,0.0000000000
597,0.0000000000
598,0.0000000000
599,0.0000000000
600,0.0000000000
601,0.0000000000
602,0.0000000000
603,0.0000000000
604,0.0000000000
605,0.0000000000
606,0.0000000000
607,0.0000000000
608,0.0000000000
609,0.0000000000
610,0.0000000000
611,0.0000000000
612,0.0000000000
613,0.0000000000
614,0.0000000000
615,0.0000000000
616,0.0000000000
617,0.0000000000
618,0.0000000000
619,0.0000000000
620,0.0000000000
621,0.0000000000
622,0.0000000000
623,0.0000000000
624,0.0000000000
625,0.0000000000
626,0.0000000000
627,0.0000000000
628,0.0000000000
629,0.0000000000
630,0.0000000000
631,0.0000000000
632,0.0000000000
633,0.0000000000
634,0.0000000000
635,0.0000000000
636,0.0000000000
637,0.0000000000
638,0.0000000000
639,0.0000000000
640,0.0000000000
641,0.0000000000
642,0.0000000000
643,0.0000000000
644,0.0000000000
645,0.0000000000
646,0.0000000000
647,0.0000000000
648,0.0000000000
649,0.0000000000
650,0.0000000000
651,0.0000000000
652,0.0000000000
653,0.0000000000
654,0.0000000000
655,0.0000000000
656,0.0000000000
657,0.0000000000
658,0.0000000000
659,0.0000000000
660,0.0000000000
661,0.0000000000
662,0.0000000000
663,0.0000000000
664,0.0000000000
665,0.0000000000
666,0.0000000000
667,0.0000000000
668,0.0000000000
669,0.0000000000
670,0.0000000000
671,0.0000000000
672,0.0000000000
673,0.0000000000
674,0.0000000000
675,0.0000000000
676,0.0000000000
677,0.0000000000
678,0.0000000000
679,0.0000000000
680,0.0000000000
681,0.0000000000
682,0.0000000000
683,0.0000000000
684,0.0000000000
685,0.0000000000
686,0.0000000000
687,0.0000000000
688,0.0000000000
689,0.0000000000
690,0.0000000000
691,0.0000000000
692,0.0000000000
693,0.0000000000
694,0.0000000000
695,0.0000000000
696,0.0000000000
697,0.0000000000
698,0.0000000000
699,0.0000000000
700,0.0000000000
701,0.0000000000
702,0.0000000000
703,0.0000000000
704,0.0000000000
705,0.0000000000
706,0.0000000000
707,0.0000000000
708,0.0000000000
709,0.0000000000
710,0.0000000000
711,0.0000000000
712,0.0000000000
713,0.0000000000
714,0.0000000000
715,0.0000000000
716,0.0000000000
717,0.0000000000
718,0.0000000000
719,0.0000000000
720,0.0000000000
721,0.0000000000
722,0.0000000000
723,0.0000000000
724,0.0000000000
725,0.0000000000
726,0.0000000000
727,0.0000000000
728,0.0000000000
729,0.0000000000
730,0.0000000000
731,0.0000000000
732,0.0000000000
733,0.0000000000
734,0.0000000000
735,0.0000000000
736,0.0000000000
737,0.0000000000
738,0.0000000000
739,0.0000000000
740,0.0000000000
741,0.0000000000
742,0.0000000000
743,0.0000000000
744,0.0000000000
745,0.0000000000
746,0.0000000000
747,0.0000000000
748,0.0000000000
749,0.0000000000
750,0.0000000000
751,0.0000000000
752,0.0000000000
753,0.0000000000
754,0.0000000000
755,0.0000000000
756,0.0000000000
757,0.0000000000
758,0.0000000000
759,0.0000000000
760,0.0000000000
761,0.0000000000
762,0.0000000000
763,0.0000000000
764,0.0000000000
765,0.0000000000
766,0.0000000000
767,0.0000000000
768,0.0000000000
769,0.0000000000
770,0.0000000000
771,0.0000000000
772,0.0000000000
773,0.0000000000
774,0.0000000000
775,0.0000000000
776,0.0000000000
777,0.0000000000
778,0.0000000000
779,0.0000000000
780,0.0000000000
781,0.0000000000
782,0.0000000000
783,0.0000000000
784,-179769313486231570814527423731704356798070567525844996598917476803157260780028538760589558632766878171540458953514382464234321326889464182768467546703537516986049910576551282076245490090389328944075868508455133942304583236903222948165808559332123348274797826204144723168738177180919299881250404026184124858368.0000000000
785,-179769313486231570814527423731704356798070567525844996598917476803157260780028538760589558632766878171540458953514382464234321326889464182768467546703537516986049910576551282076245490090389328944075868508455133942304583236903222948165808559332123348274797826204144723168738177180919299881250404026184124858368.0000000000
786,-179769313486231570814527423731704356798070567525844996598917476803157260780028538760589558632766878171540458953514382464234321326889464182768467546703537516986049910576551282076245490090389328944075868508455133942304583236903222948165808559332123348274797826204144723168738177180919299881250404026184124858368.0000000000
787,-179769313486231570814527423731704356798070567525844996598917476803157260780028538760589558632766878171540458953514382464234321326889464182768467546703537516986049910576551282076245490090389328944075868508455133942304583236903222948165808559332123348274797826204144723168738177180919299881250404026184124858368.0000000000
788,-179769313486231570814527423731704356798070567525844996598917476803157260780028538760589558632766878171540458953514382464234321326889464182768467546703537516986049910576551282076245490090389328944075868508455133942304583236903222948165808559332123348274797826204144723168738177180919299881250404026184124858368.0000000000
789,-179769313486231570814527423731704356798070567525844996598917476803157260780028538760589558632766878171540458953514382464234321326889464182768467546703537516986049910576551282076245490090389328944075868508455133942304583236903222948165808559332123348274797826204144723168738177180919299881250404026184124858368.0000000000
790,-179769313486231570814527423731704356798070567525844996598917476803157260780028538760589558632766878171540458953514382464234321326889464182768467546703537516986049910576551282076245490090389328944075868508455133942304583236903222948165808559332123348274797826204144723168738177180919299881250404026184124858368.0000000000
791,-179769313486231570814527423731704356798070567525844996598917476803157260780028538760589558632766878171540458953514382464234321326889464182768467546703537516986049910576551282076245490090389328944075868508455133942304583236903222948165808559332123348274797826204144723168738177180919299881250404026184124858368.0000000000
792,-179769313486231570814527423731704356798070567525844996598917476803157260780028538760589558632766878171540458953514382464234321326889464182768467546703537516986049910576551282076245490090389328944075868508455133942304583236903222948165808559332123348274797826204144723168738177180919299881250404026184124858368.0000000000
793,-179769313486231570814527423731704356798070567525844996598917476803157260780028538760589558632766878171540458953514382464234321326889464182768467546703537516986049910576551282076245490090389328944075868508455133942304583236903222948165808559332123348274797826204144723168738177180919299881250404026184124858368.0000000000
794,-179769313486231570814527423731704356798070567525844996598917476803157260780028538760589558632766878171540458953514382464234321326889464182768467546703537516986049910576551282076245490090389328944075868508455133942304583236903222948165808559332123348274797826204144723168738177180919299881250404026184124858368.0000000000
795,-179769313486231570814527423731704356798070567525844996598917476803157260780028538760589558632766878171540458953514382464234321326889464182768467546703537516986049910576551282076245490090389328944075868508455133942304583236903222948165808559332123348274797826204144723168738177180919299881250404026184124858368.0000000000
796,-179769313486231570814527423731704356798070567525844996598917476803157260780028538760589558632766878171540458953514382464234321326889464182768467546703537516986049910576551282076245490090389328944075868508455133942304583236903222948165808559332123348274797826204144723168738177180919299881250404026184124858368.0000000000
797,-179769313486231570814527423731704356798070567525844996598917476803157260780028538760589558632766878171540458953514382464234321326889464182768467546703537516986049910576551282076245490090389328944075868508455133942304583236903222948165808559332123348274797826204144723168738177180919299881250404026184124858368.0000000000
798,-179769313486231570814527423731704356798070567525844996598917476803157260780028538760589558632766878171540458953514382464234321326889464182768467546703537516986049910576551282076245490090389328944075868508455133942304583236903222948165808559332123348274797826204144723168738177180919299881250404026184124858368.0000000000
799,-179769313486231570814527423731704356798070567525844996598917476803157260780028538760589558632766878171540458953514382464234321326889464182768467546703537516986049910576551282076245490090389328944075868508455133942304583236903222948165808559332123348274797826204144723168738177180919299881250404026184124858368.0000000000
800,0.0000000000
801,0.0000000000
802,0.0000000000
803,0.0000000000
804,0.0000000000
805,0.0000000000
806,0.0000000000
807,0.0000000000
808,0.0000000000
809,0.0000000000
810,0.0000000000
811,0.0000000000
812,0.0000000000
813,0.0000000000
814,0.0000000000
815,0.0000000000
816,-179769313486231570814527423731704356798070567525844996598917476803157260780028538760589558632766878171540458953514382464234321326889464182768467546703537516986049910576551282076245490090389328944075868508455133942304583236903222948165808559332123348274797826204144723168738177180919299881250404026184124858368.0000000000
0,1.0000000000
1,1.0000000000
2,1.0000000000
3,1.0000000000
4,1.0000000000
5,1.0000000000
6,1.0000000000
7,1.0000000000
8,1.0000000000
9,1.0000000000
10,1.0000000000
11,1.0000000000
12,1.0000000000
13,1.0000000000
14,1.0000000000
15,1.0000000000
16,1.0000000000
17,1.0000000000
18,1.0000000000
19,1.0000000000
20,1.0000000000
21,1.0000000000
22,1.0000000000
23,1.0000000000
24,1.0000000000
25,1.0000000000
26,1.0000000000
27,1.0000000000
28,1.0000000000
29,1.0000000000
30,1.0000000000
31,1.0000000000
32,1.0000000000
33,1.0000000000
34,1.0000000000
35,1.0000000000
36,1.0000000000
37,1.0000000000
38,1.0000000000
39,1.0000000000
40,1.0000000000
41,1.0000000000
42,1.0000000000
43,1.0000000000
44,1.0000000000
45,1.0000000000
46,1.0000000000
47,1.0000000000
48,1.0000000000
49,1.0000000000
50,1.0000000000
51,1.0000000000
52,1.0000000000
53,1.0000000000
54,1.0000000000
55,1.0000000000
56,1.0000000000
57,1.0000000000
58,1.0000000000
59,1.0000000000
60,1.0000000000
61,1.0000000000
62,1.0000000000
63,1.0000000000
64,1.0000000000
65,1.0000000000
66,1.0000000000
67,1.0000000000
68,1.0000000000
69,1.0000000000
70,1.0000000000
71,1.0000000000
72,1.0000000000
73,1.0000000000
74,1.0000000000
75,1.0000000000
76,1.0000000000
77,1.0000000000
78,1.0000000000
79,1.0000000000
80,1.0000000000
81,1.0000000000
82,1.0000000000
83,1.0000000000
84,1.0000000000
85,1.0000000000
86,1.0000000000
87,1.0000000000
88,1.0000000000
89,1.0000000000
90,1.0000000000
91,1.0000000000
92,1.0000000000
93,1.0000000000
94,1.0000000000
95,1.0000000000
96,1.0000000000
97,1.0000000000
98,1.0000000000
99,1.0000000000
100,1.0000000000
101,1.0000000000
102,1.0000000000
103,1.0000000000
104,1.0000000000
105,1.0000000000
106,1.0000000000
107,1.0000000000
108,1.0000000000
109,1.0000000000
110,1.0000000000
111,1.0000000000
112,1.0000000000
113,1.0000000000
114,1.0000000000
115,1.0000000000
116,1.0000000000
117,1.0000000000
118,1.0000000000
119,1.0000000000
120,1.0000000000
121,1.0000000000
122,1.0000000000
123,1.0000000000
124,1.0000000000
125,1.0000000000
126,1.0000000000
127,1.0000000000
128,1.0000000000
129,1.0000000000
130,1.0000000000
131,1.0000000000
132,1.0000000000
133,1.0000000000
134,1.0000000000
135,1.0000000000
136,1.0000000000
137,1.0000000000
138,1.0000000000
139,1.0000000000
140,1.0000000000
141,1.0000000000
142,1.0000000000
143,1.0000000000
144,1.0000000000
145,1.0000000000
146,1.0000000000
147,1.0000000000
148,1.0000000000
149,1.0000000000
150,1.0000000000
151,1.0000000000
152,1.0000000000
153,1.0000000000
154,1.0000000000
155,1.0000000000
156,1.0000000000
157,1.0000000000
158,1.0000000000
159,1.0000000000
160,1.0000000000
161,1.0000000000
162,1.0000000000
163,1.0000000000
164,1.0000000000
165,1.0000000000
166,1.0000000000
167,1.0000000000
168,1.0000000000
169,1.0000000000
170,1.0000000000
171,1.0000000000
172,1.0000000000
173,1.0000000000
174,1.0000000000
175,1.0000000000
176,1.0000000000
177,1.0000000000
178,1.0000000000
179,1.0000000000
180,1.0000000000
181,1.0000000000
182,1.0000000000
183,1.0000000000
184,1.0000000000
185,1.0000000000
186,1.0000000000
187,1.0000000000
188,1.0000000000
189,1.0000000000
190,1.0000000000
191,1.0000000000
192,1.0000000000
193,1.0000000000
194,1.0000000000
195,1.0000000000
196,1.0000000000
197,1.0000000000
198,1.0000000000
199,1.0000000000
200,1.0000000000
201,1.0000000000
202,1.0000000000
203,1.0000000000
204,1.0000000000
205,1.0000000000
206,1.0000000000
207,1.0000000000
208,1.0000000000
209,1.0000000000
210,1.0000000000
211,1.0000000000
212,1.0000000000
213,1.0000000000
214,1.0000000000
215,1.0000000000
216,1.0000000000
217,1.0000000000
218,1.0000000000
219,1.0000000000
220,1.0000000000
221,1.0000000000
222,1.0000000000
223,1.0000000000
224,1.0000000000
225,1.0000000000
226,1.0000000000
227,1.0000000000
228,1.0000000000
229,1.0000000000
230,1.0000000000
231,1.0000000000
232,1.0000000000
233,1.0000000000
234,1.0000000000
235,1.0000000000
236,1.0000000000
237,1.0000000000
238,1.0000000000
239,1.0000000000
240,1.0000000000
241,1.0000000000
242,1.0000000000
243,1.0000000000
244,1.0000000000
245,1.0000000000
246,1.0000000000
247,1.0000000000
248,1.0000000000
249,1.0000000000
250,1.0000000000
251,1.0000000000
252,1.0000000000
253,1.0000000000
254,1.0000000000
255,1.0000000000
256,1.0000000000
257,1.0000000000
258,1.0000000000
259,1.0000000000
260,1.0000000000
261,1.0000000000
262,1.0000000000
263,1.0000000000
264,1.0000000000
265,1.0000000000
266,1.0000000000
267,1.0000000000
268,1.0000000000
269,1.0000000000
270,1.0000000000
271,1.0000000000
272,1.0000000000
273,1.0000000000
274,1.0000000000
275,1.0000000000
276,1.0000000000
277,1.0000000000
278,1.0000000000
279,1.0000000000
280,1.0000000000
281,1.0000000000
282,1.0000000000
283,1.0000000000
284,1.0000000000
285,1.0000000000
286,1.0000000000
287,1.0000000000
288,1.0000000000
289,1.0000000000
290,1.0000000000
291,1.0000000000
292,1.0000000000
293,1.0000000000
294,1.0000000000
295,1.0000000000
296,1.0000000000
297,1.0000000000
298,1.0000000000
299,1.0000000000
300,1.0000000000
301,1.0000000000
302,1.0000000000
303,1.0000000000
304,1.0000000000
305,1.0000000000
306,1.0000000000
307,1.0000000000
308,1.0000000000
309,1.0000000000
310,1.0000000000
311,1.0000000000
312,1.0000000000
313,1.0000000000
314,1.0000000000
315,1.0000000000
316,1.0000000000
317,1.0000000000
318,1.0000000000
319,1.0000000000
320,1.0000000000
321,1.0000000000
322,1.0000000000
323,1.0000000000
324,1.0000000000
325,1.0000000000
326,1.0000000000
327,1.0000000000
328,1.0000000000
329,1.0000000000
330,1.0000000000
331,1.0000000000
332,1.0000000000
333,1.0000000000
334,1.0000000000
335,1.0000000000
336,1.0000000000
337,1.0000000000
338,1.0000000000
339,1.0000000000
340,1.0000000000
341,1.0000000000
342,1.0000000000
343,1.0000000000
344,1.0000000000
345,1.0000000000
346,1.0000000000
347,1.0000000000
348,1.0000000000
349,1.0000000000
350,1.0000000000
351,1.0000000000
352,1.0000000000
353,1.0000000000
354,1.0000000000
355,1.0000000000
356,1.0000000000
357,1.0000000000
358,1.0000000000
359,1.0000000000
360,1.0000000000
361,1.0000000000
362,1.0000000000
363,1.0000000000
364,1.0000000000
365,1.0000000000
366,1.0000000000
367,1.0000000000
368,1.0000000000
369,1.0000000000
370,1.0000000000
371,1.0000000000
372,1.0000000000
373,1.0000000000
374,1.0000000000
375,1.0000000000
376,1.0000000000
377,1.0000000000
378,1.0000000000
379,1.0000000000
380,1.0000000000
381,1.0000000000
382,1.0000000000
383,1.0000000000
384,1.0000000000
385,1.0000000000
386,1.0000000000
387,1.0000000000
388,1.0000000000
389,1.0000000000
390,1.0000000000
391,1.0000000000
392,1.0000000000
393,1.0000000000
394,1.0000000000
395,1.0000000000
396,1.0000000000
397,1.0000000000
398,1.0000000000
399,1.0000000000
400,1.0000000000
401,1.0000000000
402,1.0000000000
403,1.0000000000
404,1.0000000000
405,1.0000000000
406,1.0000000000
407,1.0000000000
408,1.0000000000
409,1.0000000000
410,1.0000000000
411,1.0000000000
412,1.0000000000
413,1.0000000000
414,1.0000000000
415,1.0000000000
416,1.0000000000
417,1.0000000000
418,1.0000000000
419,1.0000000000
420,1.0000000000
421,1.0000000000
422,1.0000000000
423,1.0000000000
424,1.0000000000
425,1.0000000000
426,1.0000000000
427,1.0000000000
428,1.0000000000
429,1.0000000000
430,1.0000000000
431,1.0000000000
432,1.0000000000
433,1.0000000000
434,1.0000000000
435,1.0000000000
436,1.0000000000
437,1.0000000000
438,1.0000000000
439,1.0000000000
440,1.0000000000
441,1.0000000000
442,1.0000000000
443,1.0000000000
444,1.0000000000
445,1.0000000000
446,1.0000000000
447,1.0000000000
448,1.0000000000
449,1.0000000000
450,1.0000000000
451,1.0000000000
452,1.0000000000
453,1.0000000000
454,1.0000000000
455,1.0000000000
456,1.0000000000
457,1.0000000000
458,1.0000000000
459,1.0000000000
460,1.0000000000
461,1.0000000000
462,1.0000000000
463,1.0000000000
464,1.0000000000
465,1.0000000000
466,1.0000000000
467,1.0000000000
468,1.0000000000
469,1.0000000000
470,1.0000000000
471,1.0000000000
472,1.0000000000
473,1.0000000000
474,1.0000000000
475,1.0000000000
476,1.0000000000
477,1.0000000000
478,1.0000000000
479,1.0000000000
480,1.0000000000
481,1.0000000000
482,1.0000000000
483,1.0000000000
484,1.0000000000
485,1.0000000000
486,1.0000000000
487,1.0000000000
488,1.0000000000
489,1.0000000000
490,1.0000000000
491,1.0000000000
492,1.0000000000
493,1.0000000000
494,1.0000000000
495,1.0000000000
496,1.0000000000
497,1.0000000000
498,1.0000000000
499,1.0000000000
500,1.0000000000
501,1.0000000000
502,1.0000000000
503,1.0000000000
504,1.0000000000
505,1.0000000000
506,1.0000000000
507,1.0000000000
508,1.0000000000
509,1.0000000000
510,1.0000000000
511,1.0000000000
512,1.0000000000
513,1.0000000000
514,1.0000000000
515,1.0000000000
516,1.0000000000
517,1.0000000000
518,1.0000000000
519,1.0000000000
520,1.0000000000
521,1.0000000000
522,1.0000000000
523,1.0000000000
524,1.0000000000
525,1.0000000000
526,1.0000000000
527,1.0000000000
528,1.0000000000
529,1.0000000000
530,1.0000000000
531,1.0000000000
532,1.0000000000
533,1.0000000000
534,1.0000000000
535,1.0000000000
536,1.0000000000
537,1.0000000000
538,1.0000000000
539,1.0000000000
540,1.0000000000
541,1.0000000000
542,1.0000000000
543,1.0000000000
544,1.0000000000
545,1.0000000000
546,1.0000000000
547,1.0000000000
548,1.0000000000
549,1.0000000000
550,1.0000000000
551,1.0000000000
552,1.0000000000
553,1.0000000000
554,1.0000000000
555,1.0000000000
556,1.0000000000
557,1.0000000000
558,1.0000000000
559,1.0000000000
560,1.0000000000
561,1.0000000000
562,1.0000000000
563,1.0000000000
564,1.0000000000
565,1.0000000000
566,1.0000000000
567,1.0000000000
568,1.0000000000
569,1.0000000000
570,1.0000000000
571,1.0000000000
572,1.0000000000
573,1.0000000000
574,1.0000000000
575,1.0000000000
576,1.0000000000
577,1.0000000000
578,1.0000000000
579,1.0000000000
580,1.0000000000
581,1.0000000000
582,1.0000000000
583,1.0000000000
584,1.0000000000
585,1.0000000000
586,1.0000000000
587,1.0000000000
588,1.0000000000
589,1.0000000000
590,1.0000000000
591,1.0000000000
592,1.0000000000
593,1.0000000000
594,1.0000000000
595,1.0000000000
596,1.0000000000
597,1.0000000000
598,1.0000000000
599,1.0000000000
600,1.0000000000
601,1.0000000000
602,1.0000000000
603,1.0000000000
604,1.0000000000
605,1.0000000000
606,1.0000000000
607,1.0000000000
608,1.0000000000
609,1.0000000000
610,1.0000000000
611,1.0000000000
612,1.0000000000
613,1.0000000000
614,1.0000000000
615,1.0000000000
616,1.0000000000
617,1.0000000000
618,1.0000000000
619,1.0000000000
620,1.0000000000
621,1.0000000000
622,1.0000000000
623,1.0000000000
624,1.0000000000
625,1.0000000000
626,1.0000000000
627,1.0000000000
628,1.0000000000
629,1.0000000000
630,1.0000000000
631,1.0000000000
632,1.0000000000
633,1.0000000000
634,1.0000000000
635,1.0000000000
636,1.0000000000
637,1.0000000000
638,1.0000000000
639,1.0000000000
640,1.0000000000
641,1.0000000000
642,1.0000000000
643,1.0000000000
644,1.0000000000
645,1.0000000000
646,1.0000000000
647,1.0000000000
648,1.0000000000
649,1.0000000000
650,1.0000000000
651,1.0000000000
652,1.0000000000
653,1.0000000000
654,1.0000000000
655,1.0000000000
656,1.0000000000
657,1.0000000000
658,1.0000000000
659,1.0000000000
660,1.0000000000
661,1.0000000000
662,1.0000000000
663,1.0000000000
664,1.0000000000
665,1.0000000000
666,1.0000000000
667,1.0000000000
668,1.0000000000
669,1.0000000000
670,1.0000000000
671,1.0000000000
672,1.0000000000
673,1.0000000000
674,1.0000000000
675,1.0000000000
676,1.0000000000
677,1.0000000000
678,1.0000000000
679,1.0000000000
680,1.0000000000
681,1.0000000000
682,1.0000000000
683,1.0000000000
684,1.0000000000
685,1.0000000000
686,1.0000000000
687,1.0000000000
688,1.0000000000
689,1.0000000000
690,1.0000000000
691,1.0000000000
692,1.0000000000
693,1.0000000000
694,1.0000000000
695,1.0000000000
696,1.0000000000
697,1.0000000000
698,1.0000000000
699,1.0000000000
700,1.0000000000
701,1.0000000000
702,1.0000000000
703,1.0000000000
704,1.0000000000
705,1.0000000000
706,1.0000000000
707,1.0000000000
708,1.0000000000
709,1.0000000000
710,1.0000000000
711,1.0000000000
712,1.0000000000
713,1.0000000000
714,1.0000000000
715,1.0000000000
716,1.0000000000
717,1.0000000000
718,1.0000000000
719,1.0000000000
720,1.0000000000
721,1.0000000000
722,1.0000000000
723,1.0000000000
724,1.0000000000
725,1.0000000000
726,1.0000000000
727,1.0000000000
728,1.0000000000
729,1.0000000000
730,1.0000000000
731,1.0000000000
732,1.0000000000
733,1.0000000000
734,1.0000000000
735,1.0000000000
736,1.0000000000
737,1.0000000000
738,1.0000000000
739,1.0000000000
740,1.0000000000
741,1.0000000000
742,1.0000000000
743,1.0000000000
744,1.0000000000
745,1.0000000000
746,1.0000000000
747,1.0000000000
748,1.0000000000
749,1.0000000000
750,1.0000000000
751,1.0000000000
752,1.0000000000
753,1.0000000000
754,1.0000000000
755,1.0000000000
756,1.0000000000
757,1.0000000000
758,1.0000000000
759,1.0000000000
760,1.0000000000
761,1.0000000000
762,1.0000000000
763,1.0000000000
764,1.0000000000
765,1.0000000000
766,1.0000000000
767,1.0000000000
768,1.0000000000
769,1.0000000000
770,1.0000000000
771,1.0000000000
772,1.0000000000
773,1.0000000000
774,1.0000000000
775,1.0000000000
776,1.0000000000
777,1.0000000000
778,1.0000000000
779,1.0000000000
780,1.0000000000
781,1.0000000000
782,1.0000000000
783,1.0000000000
784,179769313486231570814527423731704356798070567525844996598917476803157260780028538760589558632766878171540458953514382464234321326889464182768467546703537516986049910576551282076245490090389328944075868508455133942304583236903222948165808559332123348274797826204144723168738177180919299881250404026184124858368.0000000000
785,179769313486231570814527423731704356798070567525844996598917476803157260780028538760589558632766878171540458953514382464234321326889464182768467546703537516986049910576551282076245490090389328944075868508455133942304583236903222948165808559332123348274797826204144723168738177180919299881250404026184124858368.0000000000
786,179769313486231570814527423731704356798070567525844996598917476803157260780028538760589558632766878171540458953514382464234321326889464182768467546703537516986049910576551282076245490090389328944075868508455133942304583236903222948165808559332123348274797826204144723168738177180919299881250404026184124858368.0000000000
787,179769313486231570814527423731704356798070567525844996598917476803157260780028538760589558632766878171540458953514382464234321326889464182768467546703537516986049910576551282076245490090389328944075868508455133942304583236903222948165808559332123348274797826204144723168738177180919299881250404026184124858368.0000000000
788,179769313486231570814527423731704356798070567525844996598917476803157260780028538760589558632766878171540458953514382464234321326889464182768467546703537516986049910576551282076245490090389328944075868508455133942304583236903222948165808559332123348274797826204144723168738177180919299881250404026184124858368.0000000000
789,179769313486231570814527423731704356798070567525844996598917476803157260780028538760589558632766878171540458953514382464234321326889464182768467546703537516986049910576551282076245490090389328944075868508455133942304583236903222948165808559332123348274797826204144723168738177180919299881250404026184124858368.0000000000
790,179769313486231570814527423731704356798070567525844996598917476803157260780028538760589558632766878171540458953514382464234321326889464182768467546703537516986049910576551282076245490090389328944075868508455133942304583236903222948165808559332123348274797826204144723168738177180919299881250404026184124858368.0000000000
791,179769313486231570814527423731704356798070567525844996598917476803157260780028538760589558632766878171540458953514382464234321326889464182768467546703537516986049910576551282076245490090389328944075868508455133942304583236903222948165808559332123348274797826204144723168738177180919299881250404026184124858368.0000000000
792,179769313486231570814527423731704356798070567525844996598917476803157260780028538760589558632766878171540458953514382464234321326889464182768467546703537516986049910576551282076245490090389328944075868508455133942304583236903222948165808559332123348274797826204144723168738177180919299881250404026184124858368.0000000000
793,179769313486231570814527423731704356798070567525844996598917476803157260780028538760589558632766878171540458953514382464234321326889464182768467546703537516986049910576551282076245490090389328944075868508455133942304583236903222948165808559332123348274797826204144723168738177180919299881250404026184124858368.0000000000
794,179769313486231570814527423731704356798070567525844996598917476803157260780028538760589558632766878171540458953514382464234321326889464182768467546703537516986049910576551282076245490090389328944075868508455133942304583236903222948165808559332123348274797826204144723168738177180919299881250404026184124858368.0000000000
795,179769313486231570814527423731704356798070567525844996598917476803157260780028538760589558632766878171540458953514382464234321326889464182768467546703537516986049910576551282076245490090389328944075868508455133942304583236903222948165808559332123348274797826204144723168738177180919299881250404026184124858368.0000000000
796,179769313486231570814527423731704356798070567525844996598917476803157260780028538760589558632766878171540458953514382464234321326889464182768467546703537516986049910576551282076245490090389328944075868508455133942304583236903222948165808559332123348274797826204144723168738177180919299881250404026184124858368.0000000000
797,179769313486231570814527423731704356798070567525844996598917476803157260780028538760589558632766878171540458953514382464234321326889464182768467546703537516986049910576551282076245490090389328944075868508455133942304583236903222948165808559332123348274797826204144723168738177180919299881250404026184124858368.0000000000
798,179769313486231570814527423731704356798070567525844996598917476803157260780028538760589558632766878171540458953514382464234321326889464182768467546703537516986049910576551282076245490090389328944075868508455133942304583236903222948165808559332123348274797826204144723168738177180919299881250404026184124858368.0000000000
799,179769313486231570814527423731704356798070567525844996598917476803157260780028538760589558632766878171540458953514382464234321326889464182768467546703537516986049910576551282076245490090389328944075868508455133942304583236903222948165808559332123348274797826204144723168738177180919299881250404026184124858368.0000000000
800,179769313486231570814527423731704356798070567525844996598917476803157260780028538760589558632766878171540458953514382464234321326889464182768467546703537516986049910576551282076245490090389328944075868508455133942304583236903222948165808559332123348274797826204144723168738177180919299881250404026184124858368.0000000000
801,179769313486231570814527423731704356798070567525844996598917476803157260780028538760589558632766878171540458953514382464234321326889464182768467546703537516986049910576551282076245490090389328944075868508455133942304583236903222948165808559332123348274797826204144723168738177180919299881250404026184124858368.0000000000
802,179769313486231570814527423731704356798070567525844996598917476803157260780028538760589558632766878171540458953514382464234321326889464182768467546703537516986049910576551282076245490090389328944075868508455133942304583236903222948165808559332123348274797826204144723168738177180919299881250404026184124858368.0000000000
803,179769313486231570814527423731704356798070567525844996598917476803157260780028538760589558632766878171540458953514382464234321326889464182768467546703537516986049910576551282076245490090389328944075868508455133942304583236903222948165808559332123348274797826204144723168738177180919299881250404026184124858368.0000000000
804,179769313486231570814527423731704356798070567525844996598917476803157260780028538760589558632766878171540458953514382464234321326889464182768467546703537516986049910576551282076245490090389328944075868508455133942304583236903222948165808559332123348274797826204144723168738177180919299881250404026184124858368.0000000000
805,179769313486231570814527423731704356798070567525844996598917476803157260780028538760589558632766878171540458953514382464234321326889464182768467546703537516986049910576551282076245490090389328944075868508455133942304583236903222948165808559332123348274797826204144723168738177180919299881250404026184124858368.0000000000
806,179769313486231570814527423731704356798070567525844996598917476803157260780028538760589558632766878171540458953514382464234321326889464182768467546703537516986049910576551282076245490090389328944075868508455133942304583236903222948165808559332123348274797826204144723168738177180919299881250404026184124858368.0000000000
807,179769313486231570814527423731704356798070567525844996598917476803157260780028538760589558632766878171540458953514382464234321326889464182768467546703537516986049910576551282076245490090389328944075868508455133942304583236903222948165808559332123348274797826204144723168738177180919299881250404026184124858368.0000000000
808,179769313486231570814527423731704356798070567525844996598917476803157260780028538760589558632766878171540458953514382464234321326889464182768467546703537516986049910576551282076245490090389328944075868508455133942304583236903222948165808559332123348274797826204144723168738177180919299881250404026184124858368.0000000000
809,179769313486231570814527423731704356798070567525844996598917476803157260780028538760589558632766878171540458953514382464234321326889464182768467546703537516986049910576551282076245490090389328944075868508455133942304583236903222948165808559332123348274797826204144723168738177180919299881250404026184124858368.0000000000
810,179769313486231570814527423731704356798070567525844996598917476803157260780028538760589558632766878171540458953514382464234321326889464182768467546703537516986049910576551282076245490090389328944075868508455133942304583236903222948165808559332123348274797826204144723168738177180919299881250404026184124858368.0000000000
811,179769313486231570814527423731704356798070567525844996598917476803157260780028538760589558632766878171540458953514382464234321326889464182768467546703537516986049910576551282076245490090389328944075868508455133942304583236903222948165808559332123348274797826204144723168738177180919299881250404026184124858368.0000000000
812,179769313486231570814527423731704356798070567525844996598917476803157260780028538760589558632766878171540458953514382464234321326889464182768467546703537516986049910576551282076245490090389328944075868508455133942304583236903222948165808559332123348274797826204144723168738177180919299881250404026184124858368.0000000000
813,179769313486231570814527423731704356798070567525844996598917476803157260780028538760589558632766878171540458953514382464234321326889464182768467546703537516986049910576551282076245490090389328944075868508455133942304583236903222948165808559332123348274797826204144723168738177180919299881250404026184124858368.0000000000
814,179769313486231570814527423731704356798070567525844996598917476803157260780028538760589558632766878171540458953514382464234321326889464182768467546703537516986049910576551282076245490090389328944075868508455133942304583236903222948165808559332123348274797826204144723168738177180919299881250404026184124858368.0000000000
815,179769313486231570814527423731704356798070567525844996598917476803157260780028538760589558632766878171540458953514382464234321326889464182768467546703537516986049910576551282076245490090389328944075868508455133942304583236903222948165808559332123348274797826204144723168738177180919299881250404026184124858368.0000000000
816,179769313486231570814527423731704356798070567525844996598917476803157260780028538760589558632766878171540458953514382464234321326889464182768467546703537516986049910576551282076245490090389328944075868508455133942304583236903222948165808559332123348274797826204144723168738177180919299881250404026184124858368.0000000000
0,0,0.0093395300,784,-1.0000000000,0,0.0117190000,1,-0.0203234000,2,0.0068371900,3,-0.0052496900,4,-0.0129050000,5,-0.0010051000,6,0.0179412000,7,-0.0226139000,8,-0.0067147900,9,-0.0056705600,10,0.0198611000,11,0.0153750000,12,0.0305388000,13,0.0019596500,14,0.0188435000,15,0.0350622000,16,0.0175361000,17,-0.0042580300,18,0.0259562000,19,-0.0320652000,20,-0.0280914000,21,0.0303325000,22,0.0337448000,23,0.0274074000,24,0.0208389000,25,0.0203205000,26,-0.0095059300,27,0.0016239400,28,-0.0324684000,29,0.0348730000,30,0.0172977000,31,-0.0323123000,32,-0.0010919300,33,-0.0027810800,34,0.0011425300,35,0.0072384700,36,0.0025062400,37,-0.0177464000,38,0.0224111000,39,-0.0030228500,40,-0.0343579000,41,0.0279718000,42,0.0138438000,43,0.0223122000,44,-0.0340833000,45,-0.0211878000,46,0.0173667000,47,-0.0173025000,48,-0.0000557559,49,0.0217349000,50,-0.0193704000,51,0.0152526000,52,0.0285482000,53,-0.0170287000,54,0.0048435000,55,-0.0022426000,56,-0.0141717000,57,-0.0172563000,58,-0.0319450000,59,0.0223890000,60,0.0023356300,61,-0.0113858000,62,0.0162679000,63,0.0253005000,64,0.0044873400,65,0.0139884000,66,-0.0250449000,67,0.0255206000,68,0.0172787000,69,0.0145875000,70,0.0070080900,71,0.0007258530,72,0.0311918000,73,-0.0089407500,74,0.0058563100,75,0.0185327000,76,-0.0047829600,77,-0.0100582000,78,0.0192016000,79,-0.0122243000,80,0.0022290800,81,0.0066575500,82,0.0001833860,83,-0.0317352000,84,0.0263268000,85,-0.0200368000,86,0.0081210700,87,0.0048181600,88,0.0237745000,89,-0.0079486500,90,0.0060687600,91,0.0145423000,92,0.0187688000,93,-0.0323306000,94,-0.0096370500,95,-0.0267681000,96,-0.0275220000,97,-0.0094616000,98,-0.0245304000,99,-0.0277587000,100,-0.0045644600,101,-0.0242757000,102,-0.0083234300,103,0.0228374000,104,0.0264016000,105,-0.0019074800,106,-0.0177697000,107,-0.0002306660,108,0.0207629000,109,-0.0154079000,110,-0.0346460000,111,-0.0263677000,112,0.0085231900,113,0.0252205000,114,-0.0003917220,115,-0.0123399000,116,0.0070024000,117,-0.0296887000,118,-0.0049483200,119,-0.0202916000,120,-0.0125104000,121,-0.0244455000,122,0.0197475000,123,0.0353056000,124,-0.0223020000,125,-0.0354561000,126,0.0042547500,127,0.0219793000,128,0.0126558000,129,0.0029631600,130,-0.0135343000,131,0.0235110000,132,-0.0186877000,133,-0.0189020000,134,0.0249543000,135,0.0011281400,136,-0.0229038000,137,-0.0142398000,138,-0.0004177480,139,-0.0114395000,140,-0.0007821360,141,0.0162189000,142,-0.0141489000,143,-0.0013653700,144,0.0166739000,145,-0.0346246000,146,0.0258030000,147,-0.0344607000,148,0.0325533000,149,0.0140323000,150,0.0019912500,151,0.0333956000,152,0.0035589200,153,0.0207825000,154,-0.0113382000,155,-0.0125005000,156,0.0290543000,157,0.0190619000,158,0.0289350000,159,-0.0069424300,160,0.0189553000,161,-0.0068733700,162,-0.0253902000,163,-0.0267059000,164,0.0288584000,165,-0.0356383000,166,0.0078726400,167,-0.0074724300,168,-0.0318994000,169,-0.0100178000,170,-0.0321919000,171,-0.0264210000,172,-0.0009680050,173,0.0013357100,174,-0.0099720700,175,0.0267970000,176,0.0227006000,177,0.0122000000,178,0.0011537500,179,-0.0160409000,180,-0.0380765000,181,-0.0449112000,182,-0.0117267000,183,0.0170287000,184,-0.0335958000,185,-0.0469020000,186,0.0279863000,187,-0.0082629800,188,-0.0270276000,189,-0.0301651000,190,-0.0302616000,191,0.0170171000,192,0.0353368000,193,-0.0132337000,194,0.0305745000,195,0.0244244000,196,0.0230458000,197,0.0328534000,198,0.0289844000,199,0.0277453000,200,-0.0246001000,201,-0.0246421000,202,-0.0146914000,203,-0.0288244000,204,-0.0334078000,205,-0.0225061000,206,-0.0105856000,207,-0.0240653000,208,0.0107125000,209,0.0039625300,210,-0.0380265000,211,-0.0432107000,212,-0.0279778000,213,0.0093465400,214,-0.0278116000,215,-0.0282701000,216,-0.0062891900,217,-0.0083756200,218,-0.0157712000,219,-0.0068048600,220,0.0233514000,221,0.0058129900,222,0.0336572000,223,0.0110286000,224,-0.0025570400,225,-0.0178772000,226,0.0120343000,227,0.0292935000,228,0.0292536000,229,0.0341063000,230,-0.0080309400,231,-0.0193092000,232,-0.0008958660,233,-0.0316149000,234,-0.0306924000,235,-0.0069006500,236,-0.0227869000,237,0.0115107000,238,-0.0258439000,239,-0.0401202000,240,-0.0409201000,241,-0.0460095000,242,0.0052921100,243,-0.0213679000,244,0.0103239000,245,0.0025124600,246,-0.0029550200,247,-0.0093549200,248,0.0138565000,249,0.0000213385,250,-0.0324433000,251,0.0164162000,252,-0.0192330000,253,0.0125906000,254,0.0181303000,255,0.0347903000,256,0.0189716000,257,-0.0316079000,258,0.0227988000,259,0.0012595500,260,0.0069709600,261,0.0006460110,262,-0.0235175000,263,-0.0264716000,264,0.0295265000,265,0.0127390000,266,0.0053624000,267,-0.0121876000,268,-0.0220164000,269,-0.0282930000,270,-0.0177364000,271,-0.0177678000,272,-0.0149875000,273,0.0102082000,274,0.0073051700,275,0.0091264200,276,-0.0066132000,277,0.0178244000,278,0.0201009000,279,-0.0345747000,280,0.0118411000,281,0.0283184000,282,-0.0041158200,283,0.0280742000,284,0.0256305000,285,-0.0328495000,286,0.0271634000,287,-0.0324788000,288,-0.0069159200,289,0.0079133000,290,0.0082466300,291,0.0111745000,292,-0.0166678000,293,-0.0253254000,294,0.0157656000,295,-0.0216881000,296,0.0166402000,297,-0.0205513000,298,-0.0208290000,299,-0.0093452000,300,0.0268765000,301,0.0056005400,302,0.0240601000,303,-0.0070206400,304,0.0133500000,305,-0.0063987400,306,-0.0289930000,307,0.0266249000,308,0.0192092000,309,-0.0238629000,310,0.0287782000,311,-0.0155261000,312,0.0290296000,313,-0.0281999000,314,-0.0401882000,315,-0.0370319000,316,0.0197051000,317,0.0036663500,318,0.0027397000,319,-0.0330938000,320,0.0200016000,321,-0.0250713000,322,0.0149842000,323,-0.0258773000,324,-0.0092895400,325,0.0038674900,326,0.0262015000,327,-0.0229581000,328,-0.0200293000,329,-0.0043585300,330,0.0143468000,331,0.0127232000,332,0.0262916000,333,-0.0333650000,334,-0.0281630000,335,0.0028043800,336,-0.0260983000,337,0.0302224000,338,0.0024441600,339,-0.0017159800,340,0.0188413000,341,0.0039248100,342,0.0298730000,343,-0.0397893000,344,-0.0307374000,345,-0.0123329000,346,0.0234061000,347,-0.0083276300,348,0.0198273000,349,-0.0111436000,350,-0.0303562000,351,-0.0016463200,352,-0.0129766000,353,-0.0211203000,354,-0.0196904000,355,-0.0178267000,356,0.0099817000,357,-0.0092981300,358,-0.0070307900,359,0.0100356000,360,0.0031335200,361,0.0117469000,362,-0.0205758000,363,0.0295978000,364,0.0097893700,365,-0.0219893000,366,0.0183298000,367,-0.0013106000,368,0.0128516000,369,-0.0274344000,370,0.0174376000,371,-0.0258846000,372,0.0245346000,373,-0.0180040000,374,-0.0087210900,375,-0.0228266000,376,-0.0292134000,377,0.0137410000,378,0.0073627000,379,-0.0142963000,380,-0.0124040000,381,-0.0091771200,382,0.0267143000,383,-0.0154629000,384,-0.0104153000,385,-0.0069406200,386,-0.0062643400,387,-0.0194367000,388,-0.0067746900,389,0.0125974000,390,0.0132335000,391,0.0044031400,392,0.0029236200,393,0.0129561000,394,0.0308923000,395,0.0338423000,396,0.0070588700,397,-0.0054328800,398,0.0126009000,399,-0.0237599000,400,-0.0230380000,401,-0.0186586000,402,-0.0329057000,403,-0.0180192000,404,-0.0240602000,405,-0.0202378000,406,0.0326717000,407,0.0248665000,408,-0.0173986000,409,-0.0185792000,410,-0.0102751000,411,-0.0364283000,412,-0.0364718000,413,0.0181715000,414,-0.0273821000,415,-0.0038760600,416,-0.0177188000,417,0.0123127000,418,-0.0255694000,419,-0.0110947000,420,0.0212294000,421,0.0057302500,422,-0.0001807430,423,-0.0250812000,424,-0.0028902400,425,-0.0138513000,426,-0.0368536000,427,-0.0169947000,428,-0.0226029000,429,0.0066156100,430,-0.0141220000,431,0.0020070000,432,0.0159627000,433,0.0049887500,434,-0.0221823000,435,0.0099476500,436,-0.0209659000,437,-0.0202014000,438,0.0203044000,439,0.0164464000,440,-0.0311769000,441,0.0055821600,442,-0.0224743000,443,-0.0112950000,444,0.0309227000,445,0.0213290000,446,-0.0128080000,447,-0.0136222000,448,0.0009202400,449,-0.0312933000,450,-0.0326357000,451,0.0163257000,452,0.0308149000,453,-0.0227539000,454,-0.0329570000,455,-0.0074029400,456,-0.0072576200,457,0.0173600000,458,-0.0351527000,459,0.0151327000,460,-0.0063990900,461,0.0014538600,462,-0.0344094000,463,0.0206562000,464,-0.0296254000,465,0.0139106000,466,0.0081929400,467,-0.0101450000,468,-0.0332593000,469,-0.0333490000,470,0.0186485000,471,0.0094688600,472,-0.0338783000,473,0.0347155000,474,0.0026791500,475,0.0278458000,476,0.0349915000,477,0.0269276000,478,0.0136724000,479,0.0333268000,480,-0.0286151000,481,0.0272533000,482,0.0209933000,483,-0.0238955000,484,-0.0275672000,485,-0.0345941000,486,-0.0162253000,487,-0.0356524000,488,-0.0124177000,489,-0.0320021000,490,0.0088231600,491,-0.0131953000,492,-0.0398218000,493,-0.0006330110,494,-0.0166296000,495,-0.0077392900,496,0.0316203000,497,-0.0184470000,498,0.0084611900,499,-0.0300036000,500,0.0276265000,501,-0.0205874000,502,-0.0135712000,503,-0.0010969000,504,-0.0258673000,505,-0.0012169400,506,-0.0128367000,507,-0.0159396000,508,0.0184185000,509,-0.0027697000,510,-0.0057127500,511,0.0083511600,512,-0.0243190000,513,0.0273524000,514,0.0006283480,515,-0.0493653000,516,-0.0281006000,517,-0.0072127000,518,0.0165451000,519,-0.0359649000,520,-0.0404190000,521,0.0276214000,522,0.0243144000,523,-0.0156180000,524,-0.0286424000,525,-0.0092785400,526,-0.0011818200,527,-0.0057383000,528,0.0218654000,529,-0.0137303000,530,-0.0348826000,531,-0.0161340000,532,0.0263689000,533,0.0100454000,534,-0.0249422000,535,-0.0131330000,536,0.0257611000,537,-0.0156682000,538,0.0081380400,539,-0.0007744640,540,-0.0230270000,541,0.0278847000,542,0.0118057000,543,-0.0081292800,544,-0.0102009000,545,0.0216795000,546,-0.0252534000,547,0.0209479000,548,0.0055958400,549,-0.0192620000,550,-0.0343406000,551,-0.0116667000,552,-0.0232509000,553,-0.0145093000,554,0.0168679000,555,-0.0316997000,556,0.0135875000,557,-0.0013860800,558,-0.0109333000,559,-0.0318556000,560,-0.0301053000,561,0.0159958000,562,0.0110910000,563,-0.0008916730,564,0.0195526000,565,-0.0214443000,566,-0.0047532700,567,0.0332001000,568,-0.0271187000,569,-0.0161531000,570,-0.0177961000,571,0.0111908000,572,-0.0078351300,573,-0.0179429000,574,-0.0378058000,575,-0.0344106000,576,-0.0003336030,577,-0.0340920000,578,-0.0189124000,579,-0.0131355000,580,-0.0168894000,581,-0.0263577000,582,0.0168129000,583,0.0055277100,584,-0.0155554000,585,-0.0132040000,586,0.0233019000,587,0.0341038000,588,-0.0075299600,589,0.0289788000,590,0.0184368000,591,-0.0184050000,592,-0.0352227000,593,-0.0303196000,594,-0.0202160000,595,-0.0034156900,596,-0.0310123000,597,-0.0279474000,598,-0.0114757000,599,0.0075816500,600,-0.0335407000,601,0.0068845700,602,0.0283558000,603,-0.0385186000,604,-0.0001134620,605,0.0182221000,606,0.0289500000,607,0.0109714000,608,-0.0180670000,609,0.0332124000,610,-0.0337475000,611,-0.0235972000,612,0.0068891300,613,0.0351978000,614,0.0245665000,615,-0.0003073130,616,0.0242287000,617,-0.0129479000,618,0.0355394000,619,-0.0185057000,620,-0.0208020000,621,-0.0224877000,622,-0.0410026000,623,-0.0394849000,624,0.0144173000,625,-0.0173259000,626,0.0287059000,627,0.0151962000,628,0.0237821000,629,0.0112630000,630,-0.0344503000,631,-0.0322927000,632,-0.0123116000,633,0.0301189000,634,-0.0230723000,635,-0.0005568390,636,0.0063597300,637,-0.0092327300,638,0.0180777000,639,-0.0131707000,640,0.0236480000,641,0.0269857000,642,-0.0200854000,643,0.0291465000,644,0.0195419000,645,0.0241611000,646,-0.0076392300,647,0.0118072000,648,-0.0274075000,649,-0.0105706000,650,0.0193228000,651,-0.0012158600,652,-0.0054938000,653,0.0088639900,654,0.0182138000,655,0.0072002200,656,-0.0266164000,657,0.0187510000,658,0.0145072000,659,0.0251219000,660,-0.0091753700,661,-0.0033662800,662,-0.0149092000,663,-0.0288232000,664,0.0305697000,665,0.0183772000,666,-0.0317868000,667,0.0120911000,668,-0.0232704000,669,0.0221033000,670,0.0007166520,671,-0.0350242000,672,0.0161551000,673,0.0013427700,674,0.0085712800,675,-0.0140077000,676,-0.0097850100,677,-0.0352140000,678,-0.0024789400,679,0.0050853900,680,0.0068694900,681,-0.0311342000,682,-0.0460724000,683,0.0097296900,684,0.0107088000,685,0.0171266000,686,0.0191449000,687,-0.0264057000,688,0.0117686000,689,0.0167064000,690,-0.0119042000,691,-0.0169061000,692,-0.0349757000,693,-0.0106398000,694,0.0009373510,695,0.0160843000,696,-0.0276829000,697,-0.0217515000,698,-0.0071849100,699,0.0037600400,700,0.0099842200,701,-0.0016203900,702,-0.0063636200,703,-0.0349599000,704,0.0135444000,705,0.0121134000,706,0.0069457900,707,-0.0042039200,708,-0.0184798000,709,-0.0301815000,710,0.0036213900,711,-0.0274140000,712,0.0103006000,713,-0.0471172000,714,-0.0185125000,715,0.0179765000,716,0.0152433000,717,-0.0209291000,718,-0.0038350700,719,-0.0000963722,720,0.0056164100,721,0.0047495100,722,-0.0150629000,723,0.0333847000,724,-0.0299362000,725,0.0007811400,726,-0.0038118400,727,0.0273583000,728,0.0244403000,729,-0.0191081000,730,-0.0330096000,731,-0.0200985000,732,0.0299879000,733,0.0060131600,734,0.0326722000,735,0.0007802080,736,-0.0017769300,737,0.0105067000,738,0.0097880300,739,-0.0063344200,740,-0.0010121900,741,-0.0023638500,742,-0.0131088000,743,-0.0241683000,744,-0.0061900400,745,-0.0264076000,746,0.0202910000,747,0.0057251500,748,-0.0319370000,749,-0.0142275000,750,-0.0235867000,751,0.0191483000,752,-0.0287111000,753,0.0292276000,754,0.0297991000,755,0.0348313000,756,-0.0090467700,757,0.0098191000,758,0.0350732000,759,-0.0133361000,760,-0.0314398000,761,0.0026790600,762,0.0264336000,763,0.0306239000,764,-0.0122559000,765,0.0230828000,766,-0.0316091000,767,-0.0101504000,768,-0.0217448000,769,0.0162290000,770,0.0318611000,771,-0.0191748000,772,0.0260361000,773,0.0209378000,774,-0.0120151000,775,0.0308738000,776,0.0218935000,777,0.0015350800,778,-0.0026723800,779,-0.0201607000,780,0.0016109900,781,-0.0008124280,782,0.0206054000,783,0.0008400040
1,0,0.1747030000,785,-1.0000000000,0,0.0028537300,1,-0.0044412900,2,-0.0068381400,3,0.0301004000,4,0.0018814200,5,0.0040418700,6,0.0162615000,7,-0.0298359000,8,0.0053205300,9,-0.0083795400,10,0.0258687000,11,-0.0285520000,12,-0.0208958000,13,0.0345643000,14,0.0114827000,15,0.0328775000,16,-0.0070888500,17,0.0006990940,18,-0.0156666000,19,-0.0103019000,20,-0.0006671930,21,0.0188429000,22,0.0186197000,23,0.0128089000,24,-0.0349770000,25,-0.0143667000,26,0.0268154000,27,-0.0188248000,28,-0.0194838000,29,-0.0077658200,30,0.0027050800,31,-0.0021462700,32,0.0147951000,33,0.0316622000,34,0.0009397140,35,-0.0092925300,36,-0.0066992400,37,-0.0538605000,38,0.0063743000,39,-0.0211469000,40,-0.0194596000,41,-0.0274181000,42,0.2277220000,43,0.1619980000,44,0.0769669000,45,-0.0987088000,46,-0.0430771000,47,-0.0058201200,48,0.0309974000,49,0.0133257000,50,0.0004342450,51,0.0034819600,52,-0.0118456000,53,0.0253194000,54,-0.0021874600,55,-0.0062822100,56,0.0072978300,57,0.0118251000,58,-0.0236536000,59,-0.0034132900,60,-0.0242452000,61,0.0217015000,62,-0.0305472000,63,-0.0331150000,64,-0.1111570000,65,-0.1668120000,66,-0.2073670000,67,-0.1486520000,68,-0.2255870000,69,0.0678548000,70,0.2782790000,71,0.4263130000,72,0.4060290000,73,-0.1654020000,74,-0.5186020000,75,-0.4448450000,76,-0.3129570000,77,-0.2817090000,78,-0.2139950000,79,-0.1911310000,80,-0.0297479000,81,-0.0185334000,82,0.0199022000,83,0.0035979900,84,0.0072787900,85,-0.0029036200,86,0.1972280000,87,0.1693030000,88,-0.0027813200,89,-0.1197290000,90,-0.0854070000,91,-0.0456497000,92,-0.3184440000,93,-0.5214810000,94,-0.4991860000,95,-0.4246430000,96,-0.1774050000,97,0.0235036000,98,0.1084860000,99,0.1968140000,100,0.2744480000,101,0.1945830000,102,0.0257416000,103,-0.0137076000,104,-0.1562660000,105,-0.1308770000,106,-0.2025430000,107,-0.1946910000,108,-0.1185440000,109,-0.0854358000,110,-0.0778930000,111,-0.0010036500,112,-0.0338035000,113,-0.0337057000,114,0.2063480000,115,0.2160210000,116,0.0140089000,117,-0.1115580000,118,-0.3372660000,119,-0.5034700000,120,-0.3868410000,121,-0.4092960000,122,-0.3414200000,123,0.0360354000,124,0.0126570000,125,-0.0726841000,126,-0.0793544000,127,0.1366030000,128,0.1853670000,129,-0.0916847000,130,-0.0800530000,131,0.1359240000,132,0.0658758000,133,-0.0003325300,134,-0.1565040000,135,-0.3979560000,136,-0.3074300000,137,-0.2364040000,138,-0.1330990000,139,-0.0352168000,140,-0.0174752000,141,0.0208873000,142,0.2118510000,143,0.1577810000,144,-0.0377747000,145,-0.1847200000,146,-0.4258190000,147,-0.4907270000,148,-0.3936940000,149,-0.2919060000,150,-0.2630930000,151,-0.1416920000,152,-0.2200800000,153,-0.1044140000,154,0.0542213000,155,0.1100060000,156,0.0273918000,157,-0.1108750000,158,-0.0620432000,159,0.0377047000,160,0.1145360000,161,-0.0456315000,162,-0.1801840000,163,-0.5916750000,164,-0.3430810000,165,-0.4632480000,166,-0.3048840000,167,-0.0365739000,168,0.0297019000,169,-0.0838848000,170,-0.2595480000,171,0.0413882000,172,-0.0374479000,173,-0.1982520000,174,-0.8061260000,175,-0.4504270000,176,-0.1904620000,177,-0.3981750000,178,-0.2717330000,179,-0.1309120000,180,-0.0369184000,181,-0.0726857000,182,0.0345402000,183,0.0487759000,184,0.0190564000,185,0.0749241000,186,0.0352456000,187,0.0260947000,188,-0.0362281000,189,-0.1082430000,190,-0.3769760000,191,-0.5366360000,192,-0.3862080000,193,-0.4631570000,194,-0.1818500000,195,-0.0403390000,196,0.0113489000,197,-0.0913601000,198,-0.2787090000,199,0.0399380000,200,-0.0042476000,201,-0.5315180000,202,-0.7604290000,203,-0.1631050000,204,-0.2614670000,205,-0.3294710000,206,-0.2604120000,207,-0.1196600000,208,0.1145290000,209,-0.0788191000,210,0.0569323000,211,0.0748050000,212,0.0918684000,213,-0.0336125000,214,-0.0475638000,215,0.0684671000,216,0.0185497000,217,-0.0222201000,218,-0.2218880000,219,-0.4576830000,220,-0.5105840000,221,-0.4681330000,222,-0.3007890000,223,-0.1836880000,224,0.0320471000,225,-0.1067880000,226,-0.2612820000,227,-0.0472111000,228,-0.2474040000,229,-0.4146000000,230,-0.0104363000,231,-0.0072306700,232,-0.0196304000,233,-0.0628791000,234,-0.1605930000,235,-0.2492420000,236,-0.1026370000,237,0.0277216000,238,0.0848200000,239,0.1556910000,240,-0.0293588000,241,0.0168370000,242,-0.0487003000,243,-0.0039944800,244,-0.0589527000,245,-0.0298696000,246,0.0391124000,247,-0.4630350000,248,-0.5179610000,249,-0.4101980000,250,-0.2199550000,251,-0.2064560000,252,-0.1240610000,253,-0.2019510000,254,-0.3589240000,255,-0.1844850000,256,-0.4512500000,257,-0.3608110000,258,0.1511980000,259,0.0142189000,260,0.0402899000,261,-0.0711379000,262,-0.1342400000,263,-0.2187150000,264,-0.2040260000,265,0.0393860000,266,0.1540330000,267,0.2259830000,268,0.0009814580,269,0.0140413000,270,-0.0421320000,271,-0.1435050000,272,-0.1213310000,273,-0.1506660000,274,-0.1625300000,275,-0.2976050000,276,-0.3967640000,277,-0.1743330000,278,-0.1690520000,279,-0.1627140000,280,-0.1100800000,281,-0.1702630000,282,-0.2841890000,283,-0.1904120000,284,-0.4767580000,285,-0.6554470000,286,-0.0153294000,287,-0.1047480000,288,0.0547198000,289,-0.1303580000,290,-0.2056490000,291,-0.1087260000,292,-0.0718893000,293,0.0077673500,294,0.1102320000,295,0.2101430000,296,0.0260244000,297,0.0903966000,298,-0.1364730000,299,-0.1517470000,300,-0.5621300000,301,-0.2148560000,302,-0.1218130000,303,-0.2502270000,304,-0.3954170000,305,-0.1728150000,306,-0.0396871000,307,0.0466788000,308,-0.1709760000,309,0.0590425000,310,-0.0359856000,311,-0.2430380000,312,-0.5413160000,313,-0.4866460000,314,-0.0136900000,315,0.0821038000,316,0.0349872000,317,0.0683455000,318,0.0256107000,319,-0.0655836000,320,-0.1190270000,321,-0.0467136000,322,-0.0314389000,323,0.0693658000,324,0.1261440000,325,0.1013650000,326,-0.2445750000,327,-0.5108730000,328,-0.3493490000,329,-0.1763630000,330,-0.1247480000,331,-0.1282660000,332,-0.1975410000,333,-0.0538392000,334,-0.0122556000,335,0.1340320000,336,-0.0022760200,337,-0.0288470000,338,-0.0868645000,339,-0.1691360000,340,-0.3695010000,341,-0.3089380000,342,0.2497180000,343,0.2221080000,344,0.2616740000,345,0.3032590000,346,0.1089610000,347,-0.0061481000,348,-0.2051280000,349,-0.2768140000,350,-0.1207910000,351,0.0499428000,352,0.0695690000,353,-0.0134219000,354,-0.2129690000,355,-0.8951230000,356,-0.3297930000,357,-0.1359400000,358,-0.2345170000,359,-0.2509900000,360,-0.0986257000,361,-0.0594248000,362,-0.0412162000,363,0.0656845000,364,0.2094570000,365,0.0293682000,366,-0.0149099000,367,0.0563000000,368,-0.4186110000,369,-0.0519303000,370,0.2342130000,371,0.2877050000,372,0.3509300000,373,0.2743850000,374,0.1032510000,375,-0.0692711000,376,-0.3881910000,377,-0.7206270000,378,-0.1088780000,379,0.1256930000,380,0.0483676000,381,0.0567864000,382,-0.4201440000,383,-0.6248370000,384,-0.5030070000,385,-0.3075240000,386,-0.1832620000,387,-0.2961980000,388,-0.3223060000,389,-0.0084356000,390,-0.0346106000,391,-0.0080681200,392,0.0189714000,393,0.0167987000,394,0.0145266000,395,0.0156372000,396,0.0361464000,397,0.1636360000,398,0.1566350000,399,-0.2484680000,400,0.3821830000,401,0.3110820000,402,0.0235289000,403,-0.4510910000,404,-0.6678320000,405,-0.4898520000,406,0.0428314000,407,0.1461950000,408,-0.0470808000,409,-0.2604500000,410,-0.5321800000,411,-0.6950840000,412,-0.4754740000,413,-0.1490350000,414,-0.1657320000,415,-0.2689650000,416,-0.0891710000,417,0.0295641000,418,-0.0024006800,419,-0.0197303000,420,-0.0372842000,421,0.0101378000,422,0.0526859000,423,0.0522111000,424,0.0527383000,425,-0.2305840000,426,-0.6352840000,427,-0.2589200000,428,0.1596660000,429,0.1302740000,430,-0.1935860000,431,-0.4117120000,432,-0.4351670000,433,-0.1393280000,434,0.0945946000,435,0.0546376000,436,-0.0146556000,437,-0.3670720000,438,-0.4775740000,439,-0.7287960000,440,-0.5484150000,441,0.0262236000,442,-0.3212490000,443,-0.2796100000,444,-0.2512250000,445,-0.0659538000,446,0.0021996500,447,-0.0474803000,448,-0.0127859000,449,0.0380305000,450,0.0307782000,451,-0.1456620000,452,-0.0549726000,453,-0.2300530000,454,-0.2760780000,455,-0.2950910000,456,-0.1433000000,457,-0.0282327000,458,-0.2492970000,459,-0.4376610000,460,-0.5092630000,461,-0.1096520000,462,0.1085830000,463,0.0293722000,464,-0.1788390000,465,-0.4352760000,466,-0.3990800000,467,-0.3705510000,468,-0.1635280000,469,-0.0051162200,470,-0.0568399000,471,-0.4306770000,472,-0.3193400000,473,-0.5049450000,474,-0.0826771000,475,-0.0630349000,476,-0.0221177000,477,0.0858648000,478,-0.0358374000,479,-0.2497690000,480,-0.3321860000,481,-0.3787490000,482,-0.5852040000,483,-0.6678020000,484,-0.7433090000,485,-0.5404380000,486,-0.5344270000,487,-0.6714370000,488,-0.4629680000,489,-0.1175620000,490,0.1855590000,491,0.0613347000,492,-0.1286210000,493,-0.4195720000,494,-0.2009470000,495,0.0651148000,496,-0.0424891000,497,0.0199624000,498,0.0858053000,499,-0.0786768000,500,-0.3537230000,501,-0.5460980000,502,0.0184320000,503,0.0363554000,504,-0.0667038000,505,0.0779098000,506,-0.0431662000,507,-0.2275090000,508,-0.3664280000,509,-0.4144690000,510,-0.7409020000,511,-0.7333730000,512,-0.3896460000,513,-0.3001720000,514,-0.5066460000,515,-0.6227910000,516,-0.4555520000,517,-0.0210405000,518,0.1887160000,519,0.1491360000,520,-0.0677663000,521,-0.1710840000,522,0.1673150000,523,0.3153900000,524,0.3518460000,525,0.2707010000,526,-0.0264065000,527,-0.3346540000,528,-0.3626060000,529,-0.1320860000,530,-0.0223967000,531,0.0987120000,532,-0.0012643500,533,-0.2424380000,534,-0.1349380000,535,-0.2129260000,536,-0.4193480000,537,-0.9901170000,538,-0.5058040000,539,-0.1328900000,540,-0.1744940000,541,-0.0881818000,542,-0.2683970000,543,-0.2869100000,544,-0.3094910000,545,0.0864001000,546,0.1744980000,547,0.2173260000,548,0.1557270000,549,-0.1721570000,550,-0.0236944000,551,0.2059900000,552,0.2286380000,553,0.1735810000,554,0.1603860000,555,0.1903760000,556,0.2225160000,557,0.1229910000,558,-0.0542977000,559,0.1055580000,560,-0.0052174300,561,-0.3042270000,562,-0.1986710000,563,-0.4670170000,564,-0.6171900000,565,-0.6800620000,566,-0.2314090000,567,-0.1453620000,568,-0.0497937000,569,0.0217527000,570,-0.0538625000,571,0.0116743000,572,0.0160164000,573,0.1091080000,574,0.1869390000,575,0.2783250000,576,0.0888270000,577,0.0118495000,578,0.2376200000,579,0.0574234000,580,-0.1487040000,581,-0.0470323000,582,0.0228649000,583,0.0756544000,584,0.2089750000,585,0.3504070000,586,0.0046206700,587,0.0858757000,588,0.1486630000,589,0.0383150000,590,-0.1575240000,591,-0.5151260000,592,-0.1451190000,593,0.0916314000,594,0.2897710000,595,0.1873260000,596,0.1335890000,597,0.0372983000,598,0.1295750000,599,-0.0126511000,600,0.0806325000,601,0.1530020000,602,0.1861990000,603,0.3479580000,604,0.3427900000,605,0.1334260000,606,0.2577110000,607,-0.1616990000,608,-0.0737845000,609,0.0762544000,610,-0.2022390000,611,-0.0200440000,612,0.1269710000,613,0.1673470000,614,0.0829320000,615,-0.0212801000,616,0.1677540000,617,0.1254690000,618,-0.2501980000,619,-0.3213510000,620,-0.0441071000,621,0.2976420000,622,0.3956550000,623,0.1220250000,624,0.0436563000,625,-0.0382170000,626,-0.0400019000,627,0.0394743000,628,0.1690390000,629,0.1153070000,630,0.1287530000,631,0.3380420000,632,0.1742380000,633,0.2066820000,634,0.0894161000,635,-0.2087350000,636,-0.0304914000,637,0.0291534000,638,-0.0190889000,639,0.0378954000,640,0.1610340000,641,0.2215650000,642,0.0765884000,643,-0.0049120300,644,-0.0066754700,645,-0.0344399000,646,-0.0602747000,647,-0.2476450000,648,-0.3852820000,649,-0.1407640000,650,0.1946580000,651,-0.0276052000,652,-0.2145720000,653,-0.0468521000,654,-0.0640653000,655,-0.0187259000,656,0.1790720000,657,-0.0861215000,658,0.0009387250,659,0.1510760000,660,-0.0156118000,661,0.1781830000,662,-0.3693830000,663,-0.7060280000,664,-0.6307000000,665,-0.4541560000,666,-0.3352260000,667,-0.2823970000,668,-0.1670590000,669,-0.0527621000,670,0.1587490000,671,0.0053554600,672,0.0089791500,673,-0.0281774000,674,-0.0516107000,675,-0.1981350000,676,-0.2394810000,677,-0.2710230000,678,-0.2035660000,679,-0.2999550000,680,-0.5659010000,681,-0.3150340000,682,-0.0372741000,683,-0.1740060000,684,-0.1831140000,685,-0.4544550000,686,-0.1750430000,687,-0.0372652000,688,-0.3256730000,689,0.0568284000,690,-0.1958630000,691,-0.4274800000,692,-0.3787800000,693,-0.0269141000,694,-0.1438990000,695,-0.0792472000,696,-0.1449830000,697,0.0609524000,698,0.1632780000,699,0.0085472900,700,-0.0116104000,701,0.0014782300,702,-0.0177187000,703,-0.0543271000,704,-0.0942928000,705,-0.1606320000,706,-0.2253540000,707,-0.2877170000,708,-0.3441900000,709,-0.4368460000,710,-0.7627150000,711,-1.4560600000,712,-0.3522160000,713,-0.2166350000,714,-0.0753582000,715,-0.3740140000,716,-0.6223200000,717,-0.7546330000,718,-0.6318050000,719,-0.5409290000,720,-0.3070890000,721,-0.1632880000,722,-0.0187802000,723,-0.0619856000,724,-0.0564688000,725,-0.0021301600,726,-0.0031266500,727,-0.0281843000,728,-0.0162921000,729,0.0229870000,730,0.0196638000,731,-0.0463558000,732,-0.0357834000,733,-0.1090740000,734,-0.0976092000,735,-0.1396790000,736,-0.3703440000,737,-0.3450590000,738,-0.4384960000,739,-0.6972050000,740,-0.8760430000,741,-1.3302000000,742,-0.6446580000,743,-0.2743750000,744,-0.3305560000,745,-0.7242780000,746,-0.1875100000,747,-0.0920375000,748,-0.1020130000,749,-0.0626121000,750,-0.0466940000,751,-0.0048331500,752,-0.0212339000,753,-0.0201573000,754,0.0328682000,755,-0.0192226000,756,-0.0056359300,757,-0.0147861000,758,0.0112417000,759,-0.0043616200,760,-0.0509746000,761,-0.0540026000,762,-0.0088587200,763,-0.0594787000,764,-0.1974520000,765,-0.1816860000,766,-0.0942814000,767,-0.2642970000,768,-0.1736440000,769,-0.2699020000,770,-0.3814870000,771,-0.3859690000,772,-0.3848220000,773,-0.0271596000,774,-0.0784661000,775,-0.0252831000,776,0.0238128000,777,0.0336342000,778,0.0310414000,779,0.0041453800,780,-0.0280301000,781,0.0016756800,782,0.0228884000,783,-0.0204702000
2,0,-0.3853650000,786,-1.0000000000,0,0.0198373000,1,-0.0349479000,2,-0.0043125100,3,-0.0324742000,4,-0.0352628000,5,-0.0059580900,6,-0.0000346005,7,0.0007516270,8,-0.0296460000,9,-0.0216603000,10,0.0210939000,11,-0.0254417000,12,0.0488506000,13,0.1084500000,14,0.1010520000,15,-0.0017022200,16,0.0197553000,17,0.0136420000,18,0.0221017000,19,0.0068280400,20,0.0029630700,21,-0.0257198000,22,0.0151096000,23,0.0263381000,24,0.0103476000,25,0.0233389000,26,0.0172695000,27,0.0162124000,28,-0.0162329000,29,-0.0048788400,30,0.0141200000,31,0.0297331000,32,0.0678181000,33,0.0703432000,34,0.0069416400,35,0.0273940000,36,0.2296140000,37,0.3710100000,38,0.4046570000,39,0.3133430000,40,0.4306320000,41,0.6292750000,42,0.0011544900,43,-0.0633659000,44,0.4406510000,45,0.7990070000,46,0.6998010000,47,0.6036760000,48,0.5905420000,49,0.3662990000,50,0.2719470000,51,0.1408890000,52,-0.0109521000,53,0.0263863000,54,0.0007888380,55,0.0274757000,56,0.0327653000,57,-0.0283954000,58,-0.0048649300,59,0.0588605000,60,0.2407820000,61,0.2401000000,62,0.3081100000,63,0.4897890000,64,0.3400940000,65,0.3908150000,66,0.6148090000,67,0.6644900000,68,0.4834660000,69,-0.1686310000,70,0.0708439000,71,-0.0731477000,72,-0.2499940000,73,-0.0005562110,74,-0.0825426000,75,-0.0956340000,76,0.0091758800,77,0.7055300000,78,0.4018840000,79,0.4357380000,80,0.2620400000,81,0.0935920000,82,0.0280292000,83,-0.0295061000,84,-0.0216891000,85,-0.0309234000,86,-0.1872780000,87,-0.1649730000,88,0.5777030000,89,0.7123010000,90,0.9566340000,91,0.8156160000,92,0.5656410000,93,0.3427210000,94,0.4207490000,95,0.8520840000,96,0.2902230000,97,0.0905968000,98,0.1816100000,99,0.2455780000,100,0.0560200000,101,-0.0632625000,102,-0.0854035000,103,-0.0975201000,104,0.1243160000,105,0.2146460000,106,0.2329600000,107,0.5917920000,108,0.5468700000,109,0.3438300000,110,0.2816300000,111,0.0154851000,112,0.0002539030,113,0.1157790000,114,-0.1407170000,115,0.0295505000,116,0.0835173000,117,0.0143327000,118,0.2400880000,119,0.4312150000,120,-0.0003789730,121,0.0487483000,122,0.0707668000,123,0.2937440000,124,0.3741570000,125,0.0741737000,126,0.1031570000,127,0.0947354000,128,0.0580407000,129,0.0332628000,130,0.0946856000,131,0.0014390700,132,0.0898899000,133,0.0817360000,134,0.1774220000,135,0.4551250000,136,0.6704740000,137,0.7765470000,138,0.3968980000,139,0.2826890000,140,-0.0207234000,141,-0.0137461000,142,-0.0994064000,143,0.2119870000,144,0.0634278000,145,-0.1145800000,146,-0.0258828000,147,0.2830220000,148,0.0058857300,149,0.0589785000,150,-0.0576277000,151,0.1852180000,152,0.2592740000,153,0.0898355000,154,0.1118850000,155,0.0921738000,156,0.1801190000,157,0.0347319000,158,-0.0198887000,159,-0.0172614000,160,0.0963071000,161,-0.0245674000,162,-0.1251280000,163,-0.0756641000,164,0.2005050000,165,0.8143580000,166,0.4203230000,167,0.3021110000,168,0.0275191000,169,0.2772290000,170,0.3737820000,171,0.4263570000,172,0.4913130000,173,0.0985304000,174,-0.1566480000,175,-0.1147560000,176,0.0612950000,177,0.3135330000,178,-0.1503200000,179,0.0371673000,180,0.0860894000,181,0.0480627000,182,0.1135550000,183,0.2286940000,184,0.1369300000,185,0.0977108000,186,0.0036103900,187,0.1804380000,188,-0.0783263000,189,-0.0284474000,190,0.1640050000,191,0.2180230000,192,0.2522770000,193,1.5597800000,194,0.5704160000,195,0.1671420000,196,0.0371068000,197,0.4178750000,198,0.3485640000,199,0.9715190000,200,-0.0577460000,201,-0.1994760000,202,-0.0642354000,203,-0.1564760000,204,0.2535270000,205,0.2193870000,206,0.0495976000,207,0.1074340000,208,-0.0033020700,209,0.1406070000,210,-0.0655855000,211,0.0897100000,212,0.1061950000,213,0.0996302000,214,0.0576889000,215,0.0316082000,216,-0.1341100000,217,-0.0587431000,218,0.1939840000,219,0.2094440000,220,0.4748670000,221,1.3150400000,222,0.5365790000,223,0.2976470000,224,0.2923780000,225,0.5913480000,226,0.4190870000,227,1.0830600000,228,-0.0897129000,229,-0.0852522000,230,-0.0928155000,231,-0.1267820000,232,0.0197232000,233,0.1468950000,234,0.0746432000,235,0.1570770000,236,-0.0352968000,237,-0.0523608000,238,-0.0930394000,239,0.0197631000,240,0.1134500000,241,0.0580728000,242,0.0265355000,243,0.0099607500,244,0.0513706000,245,0.1409000000,246,0.1032460000,247,0.3064480000,248,0.5667790000,249,1.2460100000,250,0.9248010000,251,0.2739870000,252,0.2378690000,253,0.4293030000,254,0.4080870000,255,1.3602500000,256,-0.1106270000,257,0.0546938000,258,-0.1854970000,259,-0.2837630000,260,-0.1817120000,261,-0.0878879000,262,-0.0640380000,263,0.0238417000,264,-0.0120538000,265,-0.2682290000,266,-0.1358390000,267,-0.0753435000,268,0.0715227000,269,0.0259345000,270,0.0340444000,271,-0.0516459000,272,0.3325910000,273,0.3630740000,274,0.2101420000,275,0.3095170000,276,0.3787990000,277,1.1734600000,278,0.5633290000,279,0.4537380000,280,0.2766420000,281,0.4552340000,282,0.4734340000,283,0.7338020000,284,-0.1310640000,285,0.2141810000,286,-0.0124313000,287,-0.1505440000,288,-0.1829760000,289,0.0347263000,290,-0.0642193000,291,-0.1158080000,292,-0.0935130000,293,-0.2137180000,294,-0.1088660000,295,-0.1730820000,296,-0.0113533000,297,-0.0493910000,298,-0.0296984000,299,-0.0610666000,300,0.1600850000,301,0.1310920000,302,0.0482005000,303,0.0434215000,304,1.0774600000,305,0.8055660000,306,0.2135610000,307,-0.0920296000,308,0.2895100000,309,0.4607450000,310,0.6498970000,311,0.6755720000,312,-0.1642280000,313,0.0528255000,314,0.2986760000,315,0.1846710000,316,0.3779930000,317,0.2281040000,318,0.1007140000,319,0.0600551000,320,-0.0046701800,321,-0.1077500000,322,-0.0527018000,323,-0.1693670000,324,0.0010783300,325,-0.0738934000,326,-0.0080656500,327,0.0463843000,328,-0.1494010000,329,-0.1109710000,330,-0.0635218000,331,-0.0862067000,332,1.0359700000,333,0.5342620000,334,0.1199540000,335,-0.1358330000,336,0.1269780000,337,0.4862430000,338,0.5629110000,339,0.5119590000,340,-0.1453600000,341,0.2286440000,342,-0.0866129000,343,0.0721013000,344,0.2301980000,345,0.1180450000,346,0.1755040000,347,0.1638440000,348,0.0125985000,349,0.0275264000,350,0.0096332000,351,-0.0334924000,352,0.0114336000,353,-0.0270022000,354,0.0917829000,355,0.1004900000,356,-0.1770500000,357,-0.1496420000,358,-0.1811280000,359,-0.1397790000,360,0.8247860000,361,0.3169790000,362,0.3671150000,363,0.0813575000,364,-0.2182280000,365,0.5942610000,366,0.5460990000,367,0.3085860000,368,-0.1415050000,369,0.1935430000,370,-0.1104670000,371,-0.0431621000,372,0.1008210000,373,0.1613750000,374,0.4554690000,375,0.0768259000,376,0.1058710000,377,0.1980120000,378,0.1482100000,379,0.0248126000,380,-0.0255538000,381,-0.1754380000,382,0.2226740000,383,0.0727523000,384,-0.0379024000,385,0.0374017000,386,0.3720260000,387,0.6703660000,388,0.7028100000,389,0.3236480000,390,0.2924280000,391,0.3232810000,392,0.2775690000,393,0.3275450000,394,0.3549500000,395,-0.0248478000,396,-0.1999400000,397,-0.0347550000,398,0.1269480000,399,0.6221920000,400,0.0068859700,401,0.1401340000,402,0.3175610000,403,0.2054860000,404,0.1782700000,405,0.1334510000,406,0.1061500000,407,0.0699190000,408,-0.0307718000,409,0.0584323000,410,0.2589840000,411,0.1534770000,412,0.0814757000,413,0.2116660000,414,0.3401670000,415,0.2687720000,416,0.1101120000,417,0.0397355000,418,0.0745881000,419,0.2856680000,420,0.3717910000,421,0.0936831000,422,-0.1317730000,423,0.0559678000,424,0.4923960000,425,0.7604540000,426,0.5278040000,427,0.2132820000,428,0.0462924000,429,0.1178910000,430,0.1397350000,431,0.1250930000,432,0.1921910000,433,0.1606620000,434,0.0686889000,435,0.0417787000,436,-0.0277782000,437,0.1279460000,438,0.2104190000,439,0.3515880000,440,0.2521110000,441,0.5793100000,442,0.9424150000,443,0.7028290000,444,0.5128830000,445,0.3944880000,446,0.3667990000,447,0.4890100000,448,0.2696130000,449,0.0199958000,450,-0.2071580000,451,0.6575290000,452,0.7623820000,453,0.1357740000,454,0.1432310000,455,0.0772638000,456,0.1592370000,457,0.1179540000,458,0.0828326000,459,0.2200240000,460,0.2769460000,461,0.2074990000,462,0.0395422000,463,0.0375254000,464,0.0634116000,465,0.1806440000,466,0.2009700000,467,0.2060300000,468,0.1805870000,469,0.0717716000,470,0.0423208000,471,0.0896703000,472,-0.2299980000,473,0.5014060000,474,0.2606980000,475,0.5348080000,476,0.0307288000,477,-0.1391450000,478,0.4755080000,479,0.7265130000,480,0.4494780000,481,0.1047360000,482,-0.0204688000,483,0.0330314000,484,0.1130170000,485,0.1358740000,486,0.0560302000,487,0.1409870000,488,0.2315260000,489,0.1728260000,490,-0.0935822000,491,-0.0971022000,492,-0.0168002000,493,0.1424060000,494,0.0038377500,495,-0.0171323000,496,-0.0066392600,497,-0.0809087000,498,-0.1340820000,499,-0.1088030000,500,-0.2244540000,501,0.2226380000,502,0.2076600000,503,0.5063140000,504,0.2314360000,505,0.2636140000,506,0.6981580000,507,0.9592660000,508,1.2757300000,509,0.1971860000,510,0.2874840000,511,0.1859620000,512,0.0897315000,513,-0.0130431000,514,0.0359637000,515,0.0407882000,516,0.1380610000,517,0.1117970000,518,-0.1245730000,519,-0.1320360000,520,0.0220738000,521,0.0670683000,522,-0.0385186000,523,0.1337320000,524,-0.0299658000,525,0.0268146000,526,-0.0832308000,527,-0.1769790000,528,-0.2425560000,529,-0.0386987000,530,0.1838780000,531,0.1325640000,532,-0.1020190000,533,0.4636780000,534,0.4522540000,535,0.8952520000,536,0.8114850000,537,0.2817720000,538,-0.0954916000,539,-0.1216870000,540,-0.0164303000,541,-0.1997690000,542,-0.0458549000,543,0.0332879000,544,0.0731205000,545,-0.0478313000,546,-0.0477618000,547,-0.1244950000,548,-0.0866523000,549,0.1244480000,550,-0.0089407000,551,-0.0114709000,552,-0.0854033000,553,-0.0335191000,554,-0.2334740000,555,-0.2315980000,556,-0.1843210000,557,-0.1884040000,558,0.2489520000,559,0.1176090000,560,0.0018598700,561,0.6077430000,562,0.6218500000,563,0.3374470000,564,0.1710510000,565,0.4045260000,566,-0.1734250000,567,-0.0120740000,568,0.0243368000,569,-0.1141460000,570,-0.0520972000,571,-0.0457007000,572,0.0282362000,573,0.0795863000,574,-0.0175645000,575,-0.0513165000,576,-0.0428906000,577,-0.0558917000,578,-0.2412670000,579,-0.1702710000,580,-0.1942840000,581,-0.1994250000,582,-0.2698950000,583,-0.2089570000,584,-0.0455545000,585,0.0171217000,586,0.0390338000,587,-0.1164280000,588,-0.2410830000,589,0.4344710000,590,0.6689760000,591,0.0848053000,592,0.2523140000,593,-0.0656512000,594,-0.0767187000,595,0.0429858000,596,0.0721296000,597,0.0423852000,598,0.0481401000,599,0.2654140000,600,0.2077000000,601,0.0380733000,602,0.0499568000,603,0.0934913000,604,-0.0698423000,605,-0.0798896000,606,-0.2943530000,607,-0.1355020000,608,-0.3413580000,609,-0.3283480000,610,-0.0501091000,611,-0.0090206900,612,-0.2123490000,613,-0.0889185000,614,0.1861440000,615,0.0391382000,616,-0.2258910000,617,-0.0271195000,618,0.4626660000,619,0.2765370000,620,0.0872157000,621,-0.3115010000,622,-0.1175060000,623,0.1443200000,624,0.0304199000,625,-0.0510460000,626,0.0563296000,627,0.2428420000,628,0.2645180000,629,0.1304610000,630,0.1508160000,631,0.0533586000,632,0.0764238000,633,-0.0361351000,634,-0.1867030000,635,-0.1457780000,636,-0.3347080000,637,-0.1736490000,638,0.0604165000,639,0.0300910000,640,-0.0050386200,641,-0.0836899000,642,-0.1995180000,643,-0.0136806000,644,0.0094316200,645,-0.0168795000,646,0.5585120000,647,0.9021750000,648,0.5757620000,649,-0.0172967000,650,-0.0272805000,651,0.0580955000,652,0.1402020000,653,-0.1390710000,654,0.0477466000,655,0.2211640000,656,0.0822822000,657,0.1050420000,658,0.1386300000,659,-0.0162959000,660,0.0979783000,661,-0.0202623000,662,0.2260040000,663,-0.0327746000,664,-0.1779730000,665,0.0990714000,666,0.2953800000,667,0.7748020000,668,0.7758890000,669,0.0210584000,670,-0.2538330000,671,-0.0118159000,672,0.0317704000,673,0.0180915000,674,0.3186330000,675,0.3873010000,676,0.5821930000,677,0.3250900000,678,0.3305900000,679,0.0667443000,680,0.0775284000,681,-0.0343018000,682,-0.0918883000,683,0.0973524000,684,0.1642470000,685,0.2192680000,686,0.2588350000,687,0.1602330000,688,0.6521070000,689,0.1298670000,690,0.1546550000,691,-0.0782285000,692,0.0417162000,693,0.0233177000,694,0.0847804000,695,0.6902930000,696,0.4236940000,697,-0.1473220000,698,-0.1962040000,699,-0.0300010000,700,0.0199587000,701,0.0119557000,702,0.2227270000,703,0.2237850000,704,0.4311160000,705,0.6628630000,706,0.6477210000,707,0.8304780000,708,0.1891870000,709,0.1975550000,710,0.6744740000,711,1.0682800000,712,0.1769960000,713,0.2657580000,714,0.3188750000,715,0.5933420000,716,1.0078800000,717,1.4039100000,718,1.4435200000,719,1.2649900000,720,1.4189000000,721,1.0495600000,722,0.6797350000,723,0.4982360000,724,0.2775710000,725,0.2319430000,726,0.1985540000,727,0.0037171800,728,-0.0134016000,729,-0.0135999000,730,-0.0071486900,731,0.0837391000,732,0.3301550000,733,0.5260320000,734,0.8914730000,735,1.3131000000,736,1.6927400000,737,1.4136300000,738,1.2803800000,739,1.5028900000,740,1.2613900000,741,1.7754100000,742,0.9656350000,743,0.4356800000,744,0.5001480000,745,1.3915400000,746,0.6607280000,747,0.6605680000,748,0.8367140000,749,0.6714470000,750,0.4630920000,751,0.3317690000,752,0.0008969880,753,0.1569110000,754,0.0293314000,755,-0.0156143000,756,0.0310449000,757,0.0230450000,758,0.0327996000,759,0.0007218850,760,0.1155640000,761,0.2100770000,762,0.4453160000,763,0.5006530000,764,0.4569420000,765,0.4068590000,766,0.4720020000,767,0.8443540000,768,0.9833150000,769,0.9533730000,770,1.1932600000,771,0.6522010000,772,0.6670850000,773,0.4952500000,774,0.3238380000,775,0.5471020000,776,0.2793630000,777,0.3149180000,778,0.4696380000,779,0.3194860000,780,-0.0280592000,781,-0.0016336000,782,-0.0100488000,783,0.0310418000
3,0,-0.4212160000,787,-1.0000000000,0,-0.0339041000,1,0.0069321400,2,0.0194327000,3,0.0096871900,4,-0.0238284000,5,-0.0228595000,6,-0.0299789000,7,0.0131223000,8,0.0150107000,9,0.0146196000,10,0.0072600600,11,-0.0343362000,12,0.0721701000,13,0.1211670000,14,0.0687908000,15,-0.0108689000,16,0.0339431000,17,-0.0184892000,18,-0.0036636900,19,-0.0073196000,20,-0.0155441000,21,0.0263497000,22,-0.0299713000,23,-0.0248709000,24,-0.0141271000,25,-0.0071109900,26,-0.0016876100,27,0.0305425000,28,-0.0247628000,29,0.0308966000,30,0.0186946000,31,-0.0241609000,32,0.0619581000,33,0.0299420000,34,0.0373859000,35,0.0545954000,36,0.2053800000,37,0.3256340000,38,0.4051570000,39,0.3739660000,40,0.4226760000,41,0.6799030000,42,-0.0181455000,43,-0.0448772000,44,0.5021190000,45,0.7513820000,46,0.7901270000,47,0.5687140000,48,0.5822190000,49,0.3792230000,50,0.1808920000,51,0.1395850000,52,-0.0120393000,53,-0.0158119000,54,0.0314040000,55,0.0171162000,56,0.0072730500,57,-0.0048903000,58,0.0092655900,59,0.0873656000,60,0.2531550000,61,0.2753400000,62,0.2759870000,63,0.5756830000,64,0.4040150000,65,0.3760260000,66,0.6121680000,67,0.6955070000,68,0.2846360000,69,-0.2140590000,70,-0.0220408000,71,-0.0898511000,72,-0.2325820000,73,-0.0056793900,74,-0.0658378000,75,-0.0257291000,76,0.0096634500,77,0.7173690000,78,0.4675870000,79,0.4290490000,80,0.2746380000,81,0.0947576000,82,-0.0129098000,83,0.0098693000,84,-0.0011557000,85,-0.0088171800,86,-0.2157440000,87,-0.1643540000,88,0.5027830000,89,0.6941650000,90,1.0184100000,91,0.8717400000,92,0.5129910000,93,0.3234350000,94,0.5123000000,95,0.8632160000,96,0.2589320000,97,0.0336845000,98,0.0990531000,99,0.1582330000,100,0.0095305000,101,-0.1271010000,102,-0.0673726000,103,-0.0513549000,104,0.0749863000,105,0.1731500000,106,0.2294330000,107,0.6292590000,108,0.5454480000,109,0.3394640000,110,0.2103420000,111,0.0044165400,112,-0.0012729100,113,0.0512700000,114,-0.1408870000,115,0.0726190000,116,-0.0254673000,117,-0.1021800000,118,0.0640733000,119,0.1845470000,120,-0.0444889000,121,0.0640145000,122,0.0103748000,123,0.3089920000,124,0.3570460000,125,-0.0363850000,126,0.0656274000,127,0.0019146100,128,0.0228629000,129,0.0614698000,130,0.1094840000,131,-0.0334337000,132,0.0443593000,133,0.0395958000,134,0.1267440000,135,0.4510680000,136,0.7164860000,137,0.8303380000,138,0.3988790000,139,0.3014840000,140,0.0213837000,141,-0.0138702000,142,-0.1050120000,143,0.2537350000,144,-0.0471266000,145,-0.1394560000,146,-0.0863641000,147,0.2006440000,148,0.0662731000,149,0.1013880000,150,-0.0095431200,151,0.1918910000,152,0.2008470000,153,-0.0092682000,154,0.0357078000,155,-0.0010586400,156,0.1262800000,157,0.0639050000,158,-0.0107224000,159,-0.0775089000,160,0.0248133000,161,-0.0367155000,162,-0.1053190000,163,-0.0959852000,164,0.1806910000,165,0.8635430000,166,0.4188510000,167,0.2798300000,168,-0.0037484500,169,0.2772440000,170,0.3609400000,171,0.4631650000,172,0.3936250000,173,0.1315050000,174,-0.1213550000,175,0.0004925440,176,0.1222910000,177,0.3051550000,178,-0.0699253000,179,0.0246963000,180,0.1035320000,181,0.0264812000,182,0.1043610000,183,0.2204190000,184,0.1430040000,185,0.1244840000,186,-0.0459138000,187,0.1788890000,188,-0.0930612000,189,-0.0782063000,190,0.1554180000,191,0.1884550000,192,0.2943810000,193,1.5594500000,194,0.5980830000,195,0.1691200000,196,0.0622484000,197,0.4391780000,198,0.3209740000,199,1.0444400000,200,-0.0304166000,201,-0.0201601000,202,0.0568781000,203,-0.0490833000,204,0.3020790000,205,0.1661570000,206,0.0713373000,207,0.1456670000,208,0.0708123000,209,0.1987400000,210,-0.0245614000,211,0.0866654000,212,0.0938032000,213,0.0793291000,214,0.0609844000,215,-0.0018265800,216,-0.1023850000,217,-0.0866848000,218,0.2018350000,219,0.1947830000,220,0.4997850000,221,1.4015900000,222,0.5800920000,223,0.2946510000,224,0.2701100000,225,0.6028230000,226,0.4297370000,227,1.0401300000,228,0.0626028000,229,0.0649575000,230,0.1525190000,231,-0.0599513000,232,-0.0166484000,233,0.1942630000,234,0.0815353000,235,0.2059700000,236,0.0168106000,237,0.0092039700,238,-0.1071890000,239,0.0518872000,240,0.1348400000,241,0.0231304000,242,0.0520776000,243,0.0297197000,244,0.0615759000,245,0.1487590000,246,0.1184090000,247,0.2874780000,248,0.5559090000,249,1.3630300000,250,0.9121050000,251,0.3014370000,252,0.2638290000,253,0.4250190000,254,0.4560020000,255,1.0122700000,256,-0.0389891000,257,0.2922060000,258,0.0471870000,259,-0.2028040000,260,-0.1415130000,261,-0.0649291000,262,-0.0040913700,263,-0.0120170000,264,0.0074046500,265,-0.1988220000,266,-0.1243750000,267,-0.0054450400,268,0.1304250000,269,0.0742918000,270,0.0190683000,271,-0.0330259000,272,0.3439250000,273,0.3365590000,274,0.2355310000,275,0.3818430000,276,0.4065860000,277,1.2775900000,278,0.6488600000,279,0.4388060000,280,0.2497620000,281,0.4614270000,282,0.5293470000,283,0.7346100000,284,-0.0400108000,285,0.4150790000,286,0.2026730000,287,-0.0729483000,288,-0.1108580000,289,0.0288905000,290,-0.0543658000,291,-0.1012320000,292,-0.1312970000,293,-0.2338260000,294,-0.1185750000,295,-0.1105220000,296,0.0713961000,297,-0.0271296000,298,0.0321716000,299,-0.0322408000,300,0.2144990000,301,0.1438110000,302,0.0728279000,303,0.0839481000,304,1.1399100000,305,0.8573890000,306,0.2302090000,307,-0.0931162000,308,0.2640880000,309,0.4082730000,310,0.6926900000,311,0.7090320000,312,-0.0539073000,313,0.3192500000,314,0.6218490000,315,0.2191610000,316,0.3035440000,317,0.1533360000,318,0.0502417000,319,0.0159666000,320,-0.0442966000,321,-0.1270170000,322,-0.0873175000,323,-0.1750900000,324,0.0129391000,325,0.0332167000,326,0.0214623000,327,0.0213619000,328,-0.1103140000,329,-0.0804478000,330,-0.0035983800,331,-0.0089907500,332,1.1341400000,333,0.5325620000,334,0.1226560000,335,-0.1619460000,336,0.1584230000,337,0.4952010000,338,0.5309190000,339,0.6133170000,340,-0.0770373000,341,0.5518290000,342,0.0848334000,343,0.1739280000,344,0.2660610000,345,0.1168820000,346,0.1992790000,347,0.1072280000,348,-0.0701644000,349,0.0197155000,350,-0.0992361000,351,-0.1119140000,352,0.1087410000,353,0.0592019000,354,0.0725211000,355,0.1681640000,356,-0.1455630000,357,-0.0685575000,358,-0.0947186000,359,-0.1159910000,360,0.9563130000,361,0.3598680000,362,0.3504900000,363,0.0559329000,364,-0.1878930000,365,0.5744370000,366,0.5641030000,367,0.3575700000,368,-0.1466310000,369,0.3812840000,370,-0.0419212000,371,0.0291483000,372,0.0657611000,373,0.1716980000,374,0.4597680000,375,0.0652144000,376,0.0794344000,377,0.1592430000,378,0.0813721000,379,0.0167143000,380,0.0523782000,381,-0.0937002000,382,0.3048510000,383,0.0868475000,384,0.0197762000,385,0.0884579000,386,0.4971010000,387,0.8165600000,388,0.7400890000,389,0.2827080000,390,0.3014500000,391,0.3645370000,392,0.2302640000,393,0.3096610000,394,0.4116040000,395,0.0079387400,396,-0.2354170000,397,0.0182308000,398,0.2292290000,399,0.6831990000,400,0.0203526000,401,0.2061740000,402,0.3634720000,403,0.1869060000,404,0.1422990000,405,0.1215590000,406,0.1430030000,407,0.0983533000,408,0.0138808000,409,0.0365147000,410,0.2893380000,411,0.2206170000,412,0.1866690000,413,0.2773800000,414,0.4678090000,415,0.3317520000,416,0.1485680000,417,0.0415745000,418,0.0743160000,419,0.3122730000,420,0.3997260000,421,0.1423110000,422,-0.1177750000,423,0.0327603000,424,0.6446050000,425,0.8075960000,426,0.6080480000,427,0.2238750000,428,0.0346883000,429,0.1956960000,430,0.1343850000,431,0.1583180000,432,0.2040940000,433,0.1449650000,434,0.1331030000,435,0.0932744000,436,-0.0071537700,437,0.0752677000,438,0.1939120000,439,0.4077900000,440,0.3691890000,441,0.7497880000,442,1.1144400000,443,0.8273230000,444,0.7173650000,445,0.4629920000,446,0.3948720000,447,0.4678810000,448,0.2245000000,449,0.0177317000,450,-0.2261760000,451,0.7273610000,452,0.8789710000,453,0.1915530000,454,0.2059160000,455,0.1479710000,456,0.1528050000,457,0.1156490000,458,0.0754692000,459,0.2328940000,460,0.3613950000,461,0.2104290000,462,0.0969235000,463,0.0378519000,464,0.0735790000,465,0.1094390000,466,0.1412310000,467,0.2331070000,468,0.2170280000,469,0.1397940000,470,0.1370760000,471,0.2177610000,472,-0.1436790000,473,0.5754950000,474,0.3129650000,475,0.5161040000,476,0.0322562000,477,-0.1278140000,478,0.5649190000,479,0.8341520000,480,0.5705920000,481,0.1451390000,482,0.0853801000,483,0.0690449000,484,0.1191990000,485,0.1469330000,486,0.0353330000,487,0.2116150000,488,0.2294390000,489,0.2050700000,490,-0.0945188000,491,-0.0976979000,492,-0.0462558000,493,0.0810246000,494,-0.0545951000,495,-0.0265195000,496,-0.0279130000,497,-0.1135960000,498,-0.1127280000,499,-0.1291610000,500,-0.2080040000,501,0.2868060000,502,0.2218360000,503,0.5367350000,504,0.2743190000,505,0.2488710000,506,0.8030670000,507,1.1732000000,508,1.4223600000,509,0.3371860000,510,0.3284850000,511,0.2006280000,512,0.1070000000,513,-0.0633691000,514,0.0112193000,515,0.1132270000,516,0.1761600000,517,0.1783690000,518,-0.0894039000,519,-0.1274400000,520,0.0394910000,521,0.0295136000,522,-0.0682637000,523,0.0684445000,524,-0.1180380000,525,0.0132967000,526,-0.0300523000,527,-0.1411450000,528,-0.2195540000,529,-0.0534105000,530,0.2471710000,531,0.1428190000,532,-0.1061000000,533,0.4814530000,534,0.4833920000,535,0.9639320000,536,0.9189800000,537,0.3760060000,538,-0.1096070000,539,-0.0981614000,540,-0.1028830000,541,-0.2134920000,542,-0.0544735000,543,0.0287343000,544,0.1665510000,545,0.0052114600,546,-0.0299712000,547,-0.0956494000,548,-0.0827683000,549,0.0897179000,550,-0.0183342000,551,-0.0128169000,552,-0.0784384000,553,-0.0046691800,554,-0.1398800000,555,-0.1284540000,556,-0.1171920000,557,-0.1582290000,558,0.2768010000,559,0.0892492000,560,-0.0077695300,561,0.6266420000,562,0.6319700000,563,0.2755460000,564,0.2211320000,565,0.4349230000,566,-0.1647670000,567,-0.0923165000,568,-0.0189373000,569,-0.1297880000,570,-0.0398079000,571,-0.0578168000,572,0.0440489000,573,0.0830127000,574,0.0079359200,575,0.0057176900,576,-0.0833441000,577,-0.0831487000,578,-0.2270880000,579,-0.1563780000,580,-0.1914250000,581,-0.1388830000,582,-0.1600640000,583,-0.1493720000,584,-0.0173544000,585,0.1244330000,586,0.0806040000,587,-0.1154140000,588,-0.2069620000,589,0.4306200000,590,0.6241380000,591,0.0118981000,592,0.1852240000,593,-0.1466480000,594,-0.1750700000,595,0.0711220000,596,0.0145564000,597,0.0504499000,598,0.0215859000,599,0.2262060000,600,0.1800550000,601,0.0665360000,602,0.0527029000,603,0.0864537000,604,-0.0715259000,605,-0.0194283000,606,-0.3137970000,607,-0.1770510000,608,-0.3777310000,609,-0.3237220000,610,-0.0493376000,611,0.0781827000,612,-0.0789502000,613,-0.0956529000,614,0.1667890000,615,-0.0247753000,616,-0.1981560000,617,-0.0155706000,618,0.4495040000,619,0.2105810000,620,0.0637497000,621,-0.3644610000,622,-0.1638960000,623,0.1007820000,624,-0.0185456000,625,-0.0967488000,626,0.0489154000,627,0.2009670000,628,0.2692100000,629,0.1887880000,630,0.1233610000,631,0.0801022000,632,0.1037310000,633,-0.0623396000,634,-0.1270730000,635,-0.1245140000,636,-0.3745890000,637,-0.1637570000,638,0.1682790000,639,0.1432140000,640,-0.0386809000,641,-0.1492660000,642,-0.1775670000,643,0.0058641900,644,0.0243847000,645,-0.0300809000,646,0.6004900000,647,0.8544330000,648,0.5318480000,649,0.0159930000,650,-0.0467131000,651,0.0893936000,652,0.1331330000,653,-0.1701920000,654,0.0344847000,655,0.2380880000,656,0.1177590000,657,0.0964026000,658,0.1615160000,659,0.0264613000,660,0.0662444000,661,0.0169703000,662,0.1945310000,663,-0.0124472000,664,-0.1685660000,665,0.0462481000,666,0.1899150000,667,0.6298570000,668,0.7048890000,669,0.1432200000,670,-0.2396780000,671,0.0110132000,672,0.0336802000,673,0.0248031000,674,0.3448200000,675,0.3854730000,676,0.6032140000,677,0.3712300000,678,0.3673180000,679,0.0958852000,680,0.1039150000,681,-0.0433033000,682,-0.0491070000,683,0.0730262000,684,0.1986040000,685,0.2404160000,686,0.3136210000,687,0.2355980000,688,0.6973870000,689,0.1703790000,690,0.1022370000,691,-0.0695462000,692,0.0413059000,693,0.0083501500,694,0.1499640000,695,0.5477690000,696,0.4125610000,697,-0.0062166600,698,-0.2208250000,699,0.0075093900,700,0.0101362000,701,0.0344613000,702,0.2475640000,703,0.2742700000,704,0.4201080000,705,0.6726210000,706,0.7442380000,707,0.8551230000,708,0.2012950000,709,0.2671170000,710,0.7210850000,711,1.1713700000,712,0.1764260000,713,0.2738760000,714,0.3280570000,715,0.6331480000,716,1.0482500000,717,1.4806500000,718,1.5241100000,719,1.3609500000,720,1.5569500000,721,1.1647500000,722,0.7462780000,723,0.5055280000,724,0.2511160000,725,0.2485380000,726,0.1846980000,727,0.0160431000,728,-0.0098211400,729,0.0312990000,730,-0.0109226000,731,0.0937791000,732,0.3416270000,733,0.5122680000,734,0.9279820000,735,1.3305100000,736,1.8466800000,737,1.4890700000,738,1.3500900000,739,1.6921400000,740,1.3604800000,741,1.9016400000,742,1.0548900000,743,0.5098760000,744,0.5635220000,745,1.5135700000,746,0.7152560000,747,0.7199060000,748,0.9207090000,749,0.7238740000,750,0.5035220000,751,0.3362000000,752,0.0390056000,753,0.1284510000,754,0.0344224000,755,0.0042057900,756,0.0173081000,757,-0.0108147000,758,0.0356559000,759,0.0103628000,760,0.1205200000,761,0.1891450000,762,0.4190930000,763,0.4850910000,764,0.5544070000,765,0.4215730000,766,0.4809550000,767,0.9128760000,768,1.0207300000,769,0.9298710000,770,1.2123300000,771,0.7139500000,772,0.7565980000,773,0.5177320000,774,0.3321170000,775,0.5949880000,776,0.3409650000,777,0.3706390000,778,0.4595630000,779,0.3362910000,780,0.0149357000,781,-0.0334769000,782,0.0011209700,783,0.0096991500
4,0,0.4173740000,788,-1.0000000000,0,0.0260973000,1,0.0035243700,2,0.0156694000,3,0.0107708000,4,-0.0320006000,5,0.0202473000,6,-0.0079560100,7,0.0322178000,8,-0.0204000000,9,-0.0106754000,10,-0.0076677300,11,0.0353574000,12,0.0010170500,13,-0.0313561000,14,0.0042716400,15,-0.0156191000,16,0.0027794500,17,0.0107630000,18,-0.0342090000,19,-0.0180357000,20,0.0264641000,21,0.0147823000,22,-0.0110983000,23,-0.0232773000,24,0.0143851000,25,-0.0245294000,26,0.0334855000,27,-0.0311310000,28,-0.0143636000,29,-0.0174459000,30,0.0212617000,31,0.0182318000,32,-0.0321213000,33,0.0089443800,34,0.0249229000,35,0.0111173000,36,-0.0104943000,37,-0.0237888000,38,-0.0042523500,39,0.0024359700,40,-0.0406430000,41,0.0146686000,42,0.0567765000,43,-0.0183147000,44,-0.0494737000,45,-0.2014300000,46,-0.0815623000,47,-0.0682436000,48,-0.0319736000,49,0.0210063000,50,0.0201469000,51,-0.0096525800,52,0.0165756000,53,-0.0134886000,54,-0.0226933000,55,-0.0056500200,56,0.0294177000,57,0.0154911000,58,0.0175386000,59,-0.0180132000,60,-0.0186030000,61,-0.0099535200,62,0.0069555000,63,-0.0444279000,64,-0.0841382000,65,-0.1278620000,66,-0.2366260000,67,-0.1935800000,68,-0.0806593000,69,-0.1027040000,70,-0.3668220000,71,-0.3724570000,72,-0.3693380000,73,-0.5964930000,74,-0.6352470000,75,-0.4020240000,76,-0.2029860000,77,-0.1616690000,78,-0.1048630000,79,-0.0838892000,80,-0.0402604000,81,-0.0506692000,82,-0.0191744000,83,0.0176213000,84,-0.0299161000,85,-0.0206716000,86,0.2148090000,87,0.2042890000,88,-0.0349392000,89,-0.2742180000,90,-0.0518854000,91,0.1045980000,92,-0.1870040000,93,-0.3272650000,94,-0.5265860000,95,-0.4342200000,96,-0.3246700000,97,-0.2125590000,98,-0.7704020000,99,-0.7257900000,100,-0.7162390000,101,-1.0308700000,102,-0.9300400000,103,-0.3899150000,104,-0.1865640000,105,-0.3585430000,106,-0.2052790000,107,-0.1451250000,108,-0.0988893000,109,-0.0903542000,110,-0.0148724000,111,-0.0009433330,112,0.0021936700,113,-0.0215440000,114,0.2315760000,115,0.2441130000,116,-0.0180142000,117,-0.2976390000,118,-0.2544650000,119,0.0262940000,120,-0.4453940000,121,-0.4697230000,122,-0.2086160000,123,-0.0131985000,124,0.0211417000,125,0.1218000000,126,-0.1455740000,127,-0.0207985000,128,-0.1990940000,129,-0.2724430000,130,-0.2057200000,131,-0.4510300000,132,-0.5269280000,133,-0.4768310000,134,-0.2590950000,135,-0.2622120000,136,-0.1758210000,137,-0.2118570000,138,-0.0449811000,139,-0.0240343000,140,0.0155209000,141,-0.0206834000,142,0.2768650000,143,0.2461330000,144,-0.0275551000,145,-0.3618750000,146,-0.3261800000,147,-0.4625800000,148,-0.9781670000,149,-0.7650500000,150,-0.1324710000,151,0.0400929000,152,0.0514992000,153,-0.0012757300,154,0.0245370000,155,0.1606360000,156,-0.0755736000,157,-0.1690950000,158,-0.1541270000,159,-0.2922600000,160,-0.7193360000,161,-0.6192690000,162,-0.2527380000,163,-0.1749700000,164,-0.1502620000,165,-0.2515110000,166,-0.1418500000,167,-0.0620985000,168,-0.0029103000,169,-0.0232507000,170,-0.0182356000,171,0.0360513000,172,0.0734280000,173,-0.3759020000,174,-0.5116650000,175,-0.4118320000,176,-0.6381700000,177,-0.7613930000,178,-0.0966760000,179,0.0539891000,180,0.0891026000,181,0.0267671000,182,0.0186836000,183,-0.0751112000,184,0.0256811000,185,-0.1592890000,186,0.0111590000,187,-0.4044220000,188,-0.6040280000,189,-0.3610890000,190,-0.3116480000,191,-0.0542695000,192,-0.2359190000,193,-0.2803830000,194,-0.1212430000,195,-0.0570624000,196,-0.0125789000,197,-0.0402922000,198,-0.0278999000,199,0.0414012000,200,-0.1252730000,201,-0.3159830000,202,-0.4367520000,203,-0.1913560000,204,-0.4426300000,205,-0.4916300000,206,-0.0077446700,207,0.1246360000,208,0.2604340000,209,0.0646110000,210,0.1464470000,211,0.0162851000,212,-0.0102295000,213,-0.1690170000,214,-0.0673445000,215,-0.2006210000,216,-0.3191130000,217,-0.3244410000,218,-0.2743720000,219,-0.2022530000,220,-0.3192830000,221,-0.2749800000,222,-0.1067650000,223,-0.0579693000,224,0.0266927000,225,-0.2490270000,226,-0.0139556000,227,-0.0349431000,228,-0.3493510000,229,-0.2598080000,230,-0.4437510000,231,-0.3323430000,232,-0.4447400000,233,-0.3424900000,234,0.0541568000,235,-0.0816015000,236,0.0613636000,237,0.2201410000,238,0.3305660000,239,0.1221060000,240,-0.0834449000,241,-0.0374975000,242,-0.0910699000,243,-0.1814920000,244,-0.4131750000,245,-0.1955730000,246,-0.1132430000,247,-0.1707510000,248,-0.4491970000,249,-0.3739560000,250,-0.1978480000,251,-0.1137850000,252,-0.2551910000,253,-0.2807540000,254,-0.1618070000,255,-0.0213613000,256,-0.1630700000,257,-0.2558910000,258,-0.3782280000,259,-0.4024310000,260,-0.6392790000,261,-0.3112090000,262,-0.1540460000,263,-0.1037710000,264,0.0415445000,265,0.3804350000,266,0.4309380000,267,0.2154040000,268,0.0063445800,269,-0.0767128000,270,-0.0967268000,271,-0.3741000000,272,-0.2731440000,273,0.0049299300,274,0.1003960000,275,-0.0871925000,276,-0.3536430000,277,-0.0956480000,278,-0.0934283000,279,-0.2515620000,280,-0.2683800000,281,-0.3008680000,282,-0.1075140000,283,-0.1590410000,284,-0.2320130000,285,-0.1807750000,286,-0.4370980000,287,-0.3898730000,288,-0.2564250000,289,-0.5816810000,290,-0.1688960000,291,-0.0155879000,292,0.0765790000,293,0.2878480000,294,0.4353440000,295,0.3373640000,296,-0.0386850000,297,0.0054927900,298,-0.1282760000,299,-0.3019570000,300,-0.0372236000,301,0.0613089000,302,0.1155460000,303,-0.1109430000,304,-0.3707600000,305,-0.0311212000,306,0.1108230000,307,0.1884420000,308,-0.2057170000,309,0.0333664000,310,0.0020223300,311,-0.1699850000,312,-0.0299631000,313,0.0212480000,314,-0.2349650000,315,-0.2313820000,316,-0.3972490000,317,-0.5541180000,318,-0.0888306000,319,0.0212705000,320,0.0075729400,321,0.2833930000,322,0.3244640000,323,0.0909551000,324,-0.0237729000,325,0.0040490400,326,-0.0973440000,327,-0.2990890000,328,0.0063258800,329,0.0878474000,330,0.0946584000,331,-0.0282976000,332,-0.1606630000,333,-0.0787048000,334,0.0515607000,335,0.1883620000,336,0.0282813000,337,-0.0022725300,338,-0.2132190000,339,-0.1401010000,340,0.0775914000,341,-0.0251686000,342,-0.1983050000,343,-0.4065220000,344,-0.2552570000,345,-0.0362656000,346,-0.0062939800,347,-0.0141652000,348,0.1564460000,349,0.2374980000,350,0.2198870000,351,-0.0277119000,352,-0.0990977000,353,0.0431227000,354,0.0965399000,355,-0.3464760000,356,0.0177216000,357,0.0731839000,358,0.0317431000,359,-0.1714840000,360,-0.3679120000,361,-0.1351620000,362,-0.2485450000,363,-0.0534582000,364,0.2161270000,365,-0.0102096000,366,-0.2525150000,367,-0.0884982000,368,0.1774790000,369,-0.0892687000,370,-0.0423260000,371,-0.2215260000,372,0.0927232000,373,0.1159310000,374,-0.0181755000,375,0.0047324700,376,0.0820212000,377,0.0278619000,378,0.1360690000,379,-0.0412488000,380,-0.0569022000,381,0.2012950000,382,0.1450150000,383,0.0111877000,384,-0.0877690000,385,0.0563521000,386,-0.0177275000,387,-0.2896830000,388,-0.4748940000,389,-0.2328510000,390,-0.2320070000,391,0.0350176000,392,-0.0030088900,393,-0.0079690700,394,-0.1452810000,395,0.0337620000,396,0.1305380000,397,-0.2040630000,398,-0.1670000000,399,-0.1466020000,400,0.2078270000,401,0.1501510000,402,0.1291010000,403,-0.1810130000,404,-0.0571102000,405,0.0619321000,406,0.0646683000,407,-0.0897230000,408,-0.0566487000,409,0.1208030000,410,0.1427850000,411,0.1370840000,412,0.1980060000,413,0.1850720000,414,-0.1643160000,415,-0.2135700000,416,-0.1591970000,417,0.1363630000,418,0.1140230000,419,-0.0349574000,420,-0.0261983000,421,-0.0268322000,422,0.0755032000,423,0.0512400000,424,0.0611070000,425,-0.2144130000,426,-0.6106340000,427,-0.1997460000,428,0.0204396000,429,0.0304846000,430,-0.0382807000,431,-0.0659473000,432,0.1282430000,433,0.1574660000,434,0.0473503000,435,-0.1840160000,436,0.0012172800,437,0.1638480000,438,0.1278650000,439,-0.4121630000,440,-0.1529610000,441,0.1570640000,442,-0.2393200000,443,-0.1308640000,444,-0.0945806000,445,0.0855904000,446,0.0991570000,447,-0.0177290000,448,0.0310529000,449,0.0748115000,450,0.0672706000,451,-0.0277884000,452,0.0464798000,453,-0.0511049000,454,-0.1850850000,455,-0.4413840000,456,-0.1248140000,457,0.0614107000,458,0.0856735000,459,0.0431013000,460,0.0605848000,461,0.1647970000,462,0.0824073000,463,-0.2150390000,464,0.0435299000,465,0.0469217000,466,-0.0585221000,467,-0.5615440000,468,-0.1230190000,469,-0.1466980000,470,-0.1634440000,471,-0.3934860000,472,-0.2126300000,473,-0.2156360000,474,0.1701120000,475,-0.0103375000,476,-0.0113122000,477,0.0786446000,478,-0.1078170000,479,-0.0433318000,480,-0.0637674000,481,-0.0334712000,482,-0.1843410000,483,-0.4172250000,484,-0.1334980000,485,-0.0470279000,486,-0.0073282600,487,-0.0307042000,488,0.1024230000,489,0.2103400000,490,0.1948480000,491,-0.0600720000,492,0.0089731000,493,-0.2155940000,494,-0.2006120000,495,-0.2416710000,496,-0.1189500000,497,-0.4038930000,498,-0.1776210000,499,-0.4203210000,500,-0.2850230000,501,0.0582032000,502,0.1773740000,503,0.0450596000,504,-0.1595830000,505,0.1184710000,506,-0.1257610000,507,-0.0868779000,508,-0.1771090000,509,-0.0638501000,510,-0.2292060000,511,-0.2115870000,512,-0.4284770000,513,0.0444855000,514,-0.1447460000,515,-0.0917000000,516,0.0134305000,517,0.2731630000,518,0.1614370000,519,0.0131462000,520,-0.0916061000,521,-0.2583590000,522,-0.1004440000,523,-0.0949569000,524,-0.0889496000,525,-0.2786060000,526,-0.2955850000,527,-0.4912070000,528,-0.4436940000,529,0.1338910000,530,0.2166150000,531,0.1887210000,532,0.1302800000,533,-0.1629950000,534,0.0140762000,535,0.1228370000,536,-0.0973585000,537,-0.1445280000,538,-0.2310860000,539,-0.4485150000,540,-0.6988650000,541,-0.0631130000,542,-0.1127330000,543,-0.0431363000,544,0.0342137000,545,0.3513780000,546,0.1565390000,547,0.1234380000,548,-0.0315688000,549,-0.2643020000,550,-0.0999347000,551,-0.1438370000,552,-0.2619550000,553,-0.5180210000,554,-0.6197570000,555,-0.5018130000,556,-0.3241240000,557,0.0764819000,558,0.1823920000,559,0.2657970000,560,-0.0317555000,561,0.0226625000,562,0.0125064000,563,0.0256644000,564,-0.1428320000,565,-0.2061310000,566,-0.1344120000,567,-0.7167080000,568,-0.7567610000,569,-0.0451549000,570,-0.1507000000,571,-0.0408223000,572,0.1396600000,573,0.1621690000,574,0.0605573000,575,0.1557580000,576,0.0169899000,577,-0.0621917000,578,0.0431496000,579,-0.2233200000,580,-0.2698510000,581,-0.4124520000,582,-0.5082500000,583,-0.5321660000,584,-0.2644220000,585,0.0511551000,586,0.1851940000,587,0.0951580000,588,0.1908250000,589,0.1949920000,590,-0.0870733000,591,-0.0634763000,592,-0.0931194000,593,-0.0141857000,594,-0.1264330000,595,-0.6867880000,596,-0.7766130000,597,-0.3375410000,598,-0.0380306000,599,-0.1411210000,600,0.0367531000,601,0.0177226000,602,-0.0844750000,603,0.0553683000,604,0.0760734000,605,-0.2175860000,606,0.0301297000,607,-0.1483960000,608,-0.2120780000,609,-0.5675190000,610,-0.7285650000,611,-0.5611920000,612,-0.1225420000,613,0.0517185000,614,0.2126760000,615,-0.0290867000,616,0.2346330000,617,0.1905300000,618,-0.0120832000,619,-0.0409608000,620,-0.0605816000,621,0.0361024000,622,-0.1404180000,623,-0.5614110000,624,-0.6065790000,625,-0.2640210000,626,-0.0213550000,627,-0.0387420000,628,-0.0277722000,629,-0.0294733000,630,-0.1049480000,631,0.0381445000,632,0.0514729000,633,0.1440690000,634,0.2013920000,635,0.0572405000,636,0.0441760000,637,-0.2574480000,638,-0.7744710000,639,-0.4670050000,640,-0.1102870000,641,0.1511920000,642,0.2024420000,643,0.0021873700,644,-0.0321921000,645,-0.0059433000,646,-0.0313683000,647,-0.1014690000,648,-0.0243420000,649,-0.0818428000,650,0.1317020000,651,-0.1001160000,652,-0.4742230000,653,0.0363654000,654,-0.0096478100,655,0.0348056000,656,0.1265860000,657,-0.0838621000,658,0.0588680000,659,0.1865430000,660,0.1889650000,661,0.4869470000,662,0.0915456000,663,-0.0668430000,664,-0.1238730000,665,-0.1941020000,666,-0.2559360000,667,-0.1302780000,668,0.0288879000,669,-0.0153435000,670,0.2282660000,671,0.0016471200,672,0.0272908000,673,0.0218796000,674,-0.0102567000,675,-0.1024110000,676,-0.1113370000,677,-0.1522900000,678,0.1277370000,679,-0.0349027000,680,-0.3392260000,681,-0.3490960000,682,-0.2254320000,683,-0.2674400000,684,-0.2341070000,685,-0.4210770000,686,-0.0896827000,687,0.0975440000,688,-0.1888580000,689,0.1761090000,690,-0.1107060000,691,-0.1258460000,692,-0.2551350000,693,-0.1641220000,694,-0.0851005000,695,0.1075870000,696,-0.0655905000,697,0.2306660000,698,0.2468120000,699,0.0257884000,700,0.0076806100,701,-0.0010280000,702,-0.0279915000,703,-0.0082656900,704,-0.0841826000,705,-0.1506020000,706,-0.1871740000,707,-0.5182300000,708,-0.6254760000,709,-0.6966230000,710,-1.0907100000,711,-1.0197900000,712,-0.2105430000,713,-0.1624800000,714,-0.0717899000,715,-0.5217200000,716,-0.6071260000,717,-0.7254720000,718,-0.7184440000,719,-0.5252350000,720,-0.3769190000,721,-0.1780610000,722,-0.0524617000,723,-0.0294583000,724,0.0044197300,725,-0.0001310710,726,0.0046897900,727,0.0356458000,728,-0.0143883000,729,0.0136908000,730,0.0199037000,731,-0.0036176400,732,-0.0473832000,733,-0.0149355000,734,-0.0695200000,735,-0.0619403000,736,-0.3545030000,737,-0.4584670000,738,-0.4597310000,739,-0.7133460000,740,-0.8838970000,741,-1.1622900000,742,-0.6265150000,743,-0.3003530000,744,-0.3134530000,745,-0.4219860000,746,-0.2128790000,747,-0.1357630000,748,-0.1955610000,749,-0.1314530000,750,-0.0961965000,751,-0.0725128000,752,-0.0214976000,753,-0.0125760000,754,0.0136155000,755,-0.0152997000,756,0.0155293000,757,-0.0130287000,758,-0.0337253000,759,-0.0219164000,760,0.0032758900,761,-0.0352116000,762,-0.0287607000,763,0.0069910200,764,-0.0980830000,765,-0.0933223000,766,-0.0695420000,767,-0.2221780000,768,-0.2734790000,769,-0.2044990000,770,-0.4023440000,771,-0.0346176000,772,-0.0253063000,773,-0.1655750000,774,-0.1732380000,775,-0.1567950000,776,0.0060651000,777,0.0140050000,778,-0.0146989000,779,-0.0159952000,780,-0.0240420000,781,-0.0133021000,782,0.0127977000,783,-0.0228688000
5,0,-0.4634000000,789,-1.0000000000,0,0.0149615000,1,-0.0114059000,2,-0.0313974000,3,0.0356698000,4,0.0222929000,5,-0.0352123000,6,0.0277991000,7,-0.0245352000,8,0.0071367600,9,-0.0013425900,10,0.0004491930,11,-0.0337265000,12,0.0708184000,13,0.1474850000,14,0.1523470000,15,0.0063531000,16,-0.0210983000,17,-0.0098298300,18,0.0128305000,19,-0.0351251000,20,0.0336418000,21,0.0209943000,22,-0.0206698000,23,0.0323428000,24,-0.0273763000,25,-0.0165102000,26,0.0045998000,27,0.0166395000,28,-0.0090014300,29,-0.0025835000,30,0.0146662000,31,-0.0055079700,32,0.0106958000,33,0.0597728000,34,0.0179851000,35,0.0408354000,36,0.1965660000,37,0.3698800000,38,0.3562360000,39,0.3768960000,40,0.4253560000,41,0.6277030000,42,-0.0083652400,43,-0.0439557000,44,0.4458830000,45,0.7646890000,46,0.7730050000,47,0.5691580000,48,0.5513670000,49,0.3325710000,50,0.2665280000,51,0.1238320000,52,0.0195715000,53,-0.0085557600,54,0.0064870500,55,-0.0120500000,56,0.0000881893,57,-0.0170848000,58,0.0149043000,59,0.0946441000,60,0.2918400000,61,0.2395390000,62,0.3010200000,63,0.5728460000,64,0.3921400000,65,0.3995100000,66,0.6022810000,67,0.6854630000,68,0.3164000000,69,-0.2581420000,70,-0.0012988600,71,-0.1094850000,72,-0.2667830000,73,0.0029177700,74,-0.0711570000,75,-0.0314219000,76,-0.0209110000,77,0.7199030000,78,0.4265190000,79,0.4550320000,80,0.2901400000,81,0.0740711000,82,0.0331187000,83,0.0103008000,84,0.0300038000,85,0.0176555000,86,-0.2216490000,87,-0.1669800000,88,0.5332420000,89,0.7302570000,90,0.9639880000,91,0.8569820000,92,0.5108370000,93,0.3253880000,94,0.4867340000,95,0.8110280000,96,0.2018660000,97,0.0484020000,98,0.0678783000,99,0.2165160000,100,-0.0387163000,101,-0.1233820000,102,-0.0954756000,103,-0.1023530000,104,0.0725537000,105,0.1943450000,106,0.1932180000,107,0.5580960000,108,0.5461750000,109,0.3607410000,110,0.2589740000,111,-0.0289052000,112,0.0243209000,113,0.0592456000,114,-0.1570060000,115,0.0297771000,116,-0.0743048000,117,-0.0711068000,118,0.0828498000,119,0.1851510000,120,-0.1044780000,121,-0.0019475300,122,-0.0085702800,123,0.2869190000,124,0.3212580000,125,-0.0671766000,126,0.0336122000,127,-0.0028633900,128,0.0144582000,129,0.0318956000,130,0.1198110000,131,-0.0239462000,132,0.0567935000,133,0.0655359000,134,0.1610410000,135,0.4723620000,136,0.6554860000,137,0.7890960000,138,0.4286750000,139,0.2808690000,140,0.0282390000,141,-0.0237804000,142,-0.0949930000,143,0.2559330000,144,-0.0641394000,145,-0.1708590000,146,-0.0823710000,147,0.1321210000,148,0.0836160000,149,0.1231090000,150,0.0169853000,151,0.1572340000,152,0.1624030000,153,-0.0280732000,154,0.0585922000,155,0.0296857000,156,0.1806700000,157,0.0677607000,158,0.0126050000,159,-0.0566802000,160,0.0701572000,161,-0.0277537000,162,-0.0926941000,163,-0.1083000000,164,0.2139760000,165,0.8170090000,166,0.3881410000,167,0.2721410000,168,-0.0147090000,169,0.2559660000,170,0.3511400000,171,0.4113170000,172,0.4289750000,173,0.0604986000,174,-0.1220060000,175,0.0053737600,176,0.2004000000,177,0.3525070000,178,-0.0618673000,179,0.0708779000,180,0.1283210000,181,0.0740485000,182,0.1074360000,183,0.1847870000,184,0.1712520000,185,0.1025580000,186,-0.0448152000,187,0.1478070000,188,-0.1145140000,189,-0.0593017000,190,0.1337470000,191,0.2140890000,192,0.2742220000,193,1.5363000000,194,0.5809320000,195,0.1504540000,196,0.0345139000,197,0.4430150000,198,0.3603560000,199,1.0071700000,200,-0.0320096000,201,0.0288407000,202,0.0479186000,203,-0.0739919000,204,0.2764740000,205,0.2214810000,206,0.0822697000,207,0.1138640000,208,0.0692699000,209,0.2187240000,210,-0.0529418000,211,0.1019790000,212,0.0595551000,213,0.1249910000,214,0.0012718100,215,0.0705692000,216,-0.1111640000,217,-0.0944469000,218,0.2433860000,219,0.1618540000,220,0.5186910000,221,1.3421600000,222,0.5934050000,223,0.2742490000,224,0.2371080000,225,0.5501190000,226,0.3904780000,227,1.0144300000,228,0.0731086000,229,0.0478936000,230,0.1808410000,231,-0.0508158000,232,-0.0101461000,233,0.1426480000,234,0.0684770000,235,0.1969220000,236,0.0322646000,237,0.0334789000,238,-0.0552635000,239,0.0263530000,240,0.1535070000,241,0.0439130000,242,0.0552724000,243,0.0604729000,244,0.0662662000,245,0.1230480000,246,0.1276020000,247,0.2999320000,248,0.5549900000,249,1.2713700000,250,0.9616610000,251,0.3209610000,252,0.2447830000,253,0.4552290000,254,0.4161300000,255,0.9426080000,256,-0.0262490000,257,0.2720830000,258,0.0555594000,259,-0.1707870000,260,-0.1465690000,261,-0.1149720000,262,-0.0573040000,263,-0.0327570000,264,-0.0283146000,265,-0.1911780000,266,-0.0916653000,267,0.0472922000,268,0.1152460000,269,0.0495625000,270,0.0540577000,271,0.0159150000,272,0.3397900000,273,0.3037930000,274,0.2098920000,275,0.3232570000,276,0.3814240000,277,1.2069900000,278,0.6084270000,279,0.4050770000,280,0.2546570000,281,0.4121990000,282,0.5214540000,283,0.7267240000,284,-0.0759496000,285,0.4391750000,286,0.1712920000,287,-0.1277420000,288,-0.1488700000,289,0.0170470000,290,-0.0734630000,291,-0.1498620000,292,-0.1243820000,293,-0.2161810000,294,-0.1229800000,295,-0.0911016000,296,0.0390497000,297,0.0029061300,298,-0.0099094800,299,-0.0644717000,300,0.1871130000,301,0.1465890000,302,0.0920503000,303,0.0604620000,304,1.1327800000,305,0.8003380000,306,0.2157130000,307,-0.0841516000,308,0.2327950000,309,0.4415610000,310,0.6687870000,311,0.6771060000,312,-0.1263020000,313,0.2518740000,314,0.6117620000,315,0.2008600000,316,0.3067490000,317,0.1655860000,318,0.0231305000,319,-0.0132928000,320,-0.0442639000,321,-0.1308130000,322,-0.0623062000,323,-0.1337110000,324,0.0909673000,325,-0.0231581000,326,0.0257815000,327,0.0097952600,328,-0.1342940000,329,-0.0980792000,330,-0.0722508000,331,-0.0016519900,332,1.0714300000,333,0.4844040000,334,0.1616150000,335,-0.1796100000,336,0.1247370000,337,0.4834870000,338,0.5384300000,339,0.5489920000,340,-0.1157550000,341,0.4927940000,342,0.0949374000,343,0.1430420000,344,0.2760300000,345,0.1243960000,346,0.1545270000,347,0.0818154000,348,-0.0043676900,349,0.0194166000,350,-0.0248215000,351,-0.0188804000,352,0.0809506000,353,0.0585787000,354,0.0950128000,355,0.1338880000,356,-0.1562330000,357,-0.0999268000,358,-0.0915432000,359,-0.0902268000,360,0.8441540000,361,0.2991030000,362,0.3386740000,363,0.0533859000,364,-0.2029990000,365,0.5424350000,366,0.5541900000,367,0.3398370000,368,-0.1806290000,369,0.3670160000,370,-0.0546490000,371,-0.0263618000,372,0.0442062000,373,0.1429860000,374,0.4493790000,375,0.0846597000,376,0.0484326000,377,0.1859540000,378,0.1284060000,379,0.0673686000,380,0.0113350000,381,-0.1194380000,382,0.2641980000,383,0.0942308000,384,0.0048299200,385,0.1079420000,386,0.4329000000,387,0.7479700000,388,0.7373540000,389,0.2940640000,390,0.2995540000,391,0.3541140000,392,0.2963750000,393,0.2838480000,394,0.3864530000,395,0.0006956470,396,-0.2062630000,397,0.0458060000,398,0.1734420000,399,0.6396600000,400,0.0386235000,401,0.1807720000,402,0.3571610000,403,0.1670480000,404,0.1760040000,405,0.1175050000,406,0.1509960000,407,0.0828690000,408,0.0056010200,409,0.0744552000,410,0.3152590000,411,0.1799560000,412,0.0738136000,413,0.2810300000,414,0.4237300000,415,0.2907510000,416,0.1469790000,417,0.0155305000,418,0.0635319000,419,0.3081150000,420,0.3484550000,421,0.1259170000,422,-0.1803960000,423,0.0791084000,424,0.5446030000,425,0.7792850000,426,0.5636160000,427,0.2196080000,428,0.0224384000,429,0.1776420000,430,0.1389150000,431,0.1678930000,432,0.2007490000,433,0.1569990000,434,0.1436510000,435,0.1611060000,436,-0.0076290800,437,0.1028870000,438,0.1668650000,439,0.3919620000,440,0.3116730000,441,0.7114780000,442,1.0214800000,443,0.8064840000,444,0.6556100000,445,0.4369690000,446,0.3682930000,447,0.4692900000,448,0.2031450000,449,0.0191989000,450,-0.2298850000,451,0.6569080000,452,0.8121760000,453,0.1777880000,454,0.1705990000,455,0.0885104000,456,0.1365600000,457,0.1048720000,458,0.0431353000,459,0.2504870000,460,0.3609100000,461,0.2846430000,462,0.0570243000,463,0.0584980000,464,0.0783897000,465,0.1453930000,466,0.1574350000,467,0.1290950000,468,0.1534220000,469,0.0943216000,470,0.1084830000,471,0.1817400000,472,-0.1367950000,473,0.5268150000,474,0.3028060000,475,0.5396260000,476,0.0103525000,477,-0.1128970000,478,0.4539890000,479,0.7492330000,480,0.5274410000,481,0.1398800000,482,0.0052538600,483,0.0744828000,484,0.0633928000,485,0.1365490000,486,0.0561934000,487,0.2340660000,488,0.3039380000,489,0.2174460000,490,-0.0570505000,491,-0.0762130000,492,-0.0155514000,493,0.0925968000,494,-0.0244475000,495,-0.0985085000,496,-0.0145662000,497,-0.1222770000,498,-0.1415470000,499,-0.0724516000,500,-0.2172560000,501,0.3062320000,502,0.1808960000,503,0.5303100000,504,0.2569240000,505,0.2566760000,506,0.7129270000,507,1.0475200000,508,1.3813500000,509,0.2268330000,510,0.3275760000,511,0.1720450000,512,0.0937136000,513,-0.0220143000,514,0.0261187000,515,0.0887612000,516,0.2168460000,517,0.1627220000,518,-0.0668675000,519,-0.0896648000,520,-0.0156816000,521,0.0421782000,522,-0.0728777000,523,0.0316385000,524,-0.0741739000,525,-0.0133058000,526,-0.0619693000,527,-0.0991067000,528,-0.2664950000,529,-0.0714390000,530,0.2237660000,531,0.1938190000,532,-0.1224240000,533,0.5281350000,534,0.4883490000,535,0.9518740000,536,0.8227500000,537,0.3157790000,538,-0.1116770000,539,-0.1231720000,540,-0.0788297000,541,-0.2083540000,542,-0.0905529000,543,0.0558308000,544,0.1447970000,545,0.0580066000,546,-0.0102833000,547,-0.0727669000,548,-0.0542779000,549,0.0788047000,550,0.0123582000,551,0.0068035600,552,-0.0923489000,553,0.0241265000,554,-0.1238610000,555,-0.1429020000,556,-0.1532040000,557,-0.1342810000,558,0.3236400000,559,0.0540393000,560,-0.0046808000,561,0.5787160000,562,0.6167870000,563,0.2479140000,564,0.2160940000,565,0.4237010000,566,-0.1652920000,567,-0.0585553000,568,-0.0335796000,569,-0.1420540000,570,-0.0258673000,571,-0.0584849000,572,0.0487914000,573,0.1291170000,574,0.0258420000,575,0.0149003000,576,-0.0723372000,577,-0.0699694000,578,-0.2388790000,579,-0.2015300000,580,-0.1990940000,581,-0.1485860000,582,-0.1475130000,583,-0.1554000000,584,-0.0138742000,585,0.1182330000,586,0.1305480000,587,-0.1628690000,588,-0.2370270000,589,0.4360040000,590,0.6253870000,591,0.0315274000,592,0.1551530000,593,-0.1449410000,594,-0.1169840000,595,0.0815099000,596,0.0112137000,597,0.0396171000,598,0.0443430000,599,0.2052270000,600,0.1651820000,601,0.0891008000,602,0.0360088000,603,0.0892254000,604,-0.0208960000,605,-0.0297924000,606,-0.2534300000,607,-0.1658600000,608,-0.3323540000,609,-0.3513960000,610,-0.0439102000,611,0.0672773000,612,-0.0767353000,613,-0.0661610000,614,0.1748520000,615,-0.0146224000,616,-0.2127250000,617,-0.0238001000,618,0.4665810000,619,0.2292980000,620,0.1003060000,621,-0.3346700000,622,-0.1464450000,623,0.1142320000,624,0.0138589000,625,-0.0827848000,626,0.0947133000,627,0.2036500000,628,0.3054530000,629,0.1580490000,630,0.1176660000,631,0.1056660000,632,0.1560660000,633,-0.0153138000,634,-0.1498700000,635,-0.1403720000,636,-0.3241500000,637,-0.1840470000,638,0.1571330000,639,0.0841813000,640,-0.0076793300,641,-0.1305160000,642,-0.1563970000,643,0.0468134000,644,0.0128227000,645,0.0092473800,646,0.5931050000,647,0.8208500000,648,0.5998100000,649,0.0216420000,650,-0.0078586800,651,0.0518988000,652,0.1229570000,653,-0.1100650000,654,0.0179959000,655,0.1953970000,656,0.0630850000,657,0.0867312000,658,0.1531690000,659,-0.0086495900,660,0.0868501000,661,-0.0313922000,662,0.2122360000,663,-0.0311375000,664,-0.1260640000,665,0.1193160000,666,0.2113280000,667,0.6721310000,668,0.6660210000,669,0.1052090000,670,-0.2415090000,671,0.0021692100,672,0.0187499000,673,-0.0250454000,674,0.3086090000,675,0.3842020000,676,0.6310330000,677,0.3551840000,678,0.3482740000,679,0.1124870000,680,0.0958865000,681,-0.0824886000,682,-0.1129990000,683,0.1236650000,684,0.1928580000,685,0.2308010000,686,0.2716640000,687,0.1630570000,688,0.6482860000,689,0.1455290000,690,0.0630526000,691,-0.0678739000,692,0.0234468000,693,0.0633316000,694,0.2413880000,695,0.5362100000,696,0.3819530000,697,0.0024345100,698,-0.2288910000,699,-0.0312358000,700,-0.0188408000,701,-0.0249600000,702,0.2480390000,703,0.2769800000,704,0.4885160000,705,0.6916790000,706,0.7008770000,707,0.8251850000,708,0.1680730000,709,0.2387920000,710,0.6780800000,711,1.0682400000,712,0.1706490000,713,0.2456350000,714,0.2987230000,715,0.6163240000,716,1.0230600000,717,1.4125200000,718,1.4369300000,719,1.2805000000,720,1.4425300000,721,1.1336100000,722,0.7363080000,723,0.4386590000,724,0.2928830000,725,0.2595490000,726,0.1805830000,727,0.0260072000,728,-0.0016361800,729,0.0333977000,730,0.0053849300,731,0.0987756000,732,0.2878620000,733,0.5272030000,734,0.9029930000,735,1.3426100000,736,1.7282100000,737,1.4270400000,738,1.2974300000,739,1.6276000000,740,1.2733700000,741,1.8828700000,742,1.0445200000,743,0.4843240000,744,0.5245430000,745,1.4470600000,746,0.6659430000,747,0.7237990000,748,0.9222130000,749,0.6964450000,750,0.5278330000,751,0.3411010000,752,0.0120384000,753,0.1698570000,754,0.0066995500,755,-0.0048855500,756,0.0115914000,757,0.0084255000,758,0.0070972500,759,0.0036953300,760,0.1565910000,761,0.2127430000,762,0.4598970000,763,0.4970370000,764,0.4857560000,765,0.3657760000,766,0.4515400000,767,0.8770790000,768,1.0292300000,769,0.9412310000,770,1.2149800000,771,0.6361180000,772,0.7103040000,773,0.5128830000,774,0.3641950000,775,0.5558520000,776,0.3572490000,777,0.3663080000,778,0.5028720000,779,0.3400750000,780,-0.0158755000,781,0.0091769500,782,0.0088197800,783,-0.0352795000
6,0,0.3246690000,790,-1.0000000000,0,-0.0105094000,1,-0.0204560000,2,-0.0321377000,3,0.0013033900,4,0.0031165500,5,0.0240126000,6,-0.0031749600,7,-0.0309407000,8,0.0344115000,9,-0.0236050000,10,0.0296448000,11,-0.0117053000,12,-0.0077724300,13,0.0031340500,14,-0.0105496000,15,-0.0303835000,16,0.0221678000,17,0.0250858000,18,-0.0064447700,19,-0.0326622000,20,0.0249295000,21,0.0308702000,22,0.0051548500,23,0.0322272000,24,-0.0315511000,25,-0.0205526000,26,0.0195120000,27,-0.0233427000,28,0.0066162400,29,0.0166361000,30,-0.0294422000,31,0.0106718000,32,0.0010792600,33,-0.0280177000,34,-0.0281460000,35,-0.0029757000,36,-0.0243025000,37,-0.0466681000,38,-0.0369206000,39,-0.0250280000,40,0.0003742710,41,-0.0830890000,42,0.3013350000,43,0.2349360000,44,0.0882437000,45,-0.1624250000,46,-0.1009980000,47,-0.0390514000,48,-0.0163461000,49,-0.0026636300,50,-0.0076719500,51,-0.0047492300,52,0.0230320000,53,0.0331553000,54,0.0218674000,55,0.0221960000,56,-0.0265500000,57,-0.0216374000,58,0.0030554700,59,0.0356900000,60,0.0317123000,61,-0.0090467800,62,0.0119681000,63,-0.0600129000,64,-0.3020500000,65,-0.3324250000,66,-0.4258130000,67,-0.2356760000,68,-0.4784020000,69,0.0142446000,70,0.0131473000,71,0.2371740000,72,0.2192260000,73,-0.5699640000,74,-1.0312100000,75,-0.7266780000,76,-0.4864570000,77,-0.2347050000,78,-0.0869614000,79,-0.0958697000,80,-0.0625104000,81,-0.0263117000,82,0.0324508000,83,0.0079543800,84,0.0324744000,85,-0.0010851200,86,0.2308890000,87,0.1996100000,88,0.0211995000,89,-0.2876060000,90,-0.0894672000,91,0.0453831000,92,-0.4812800000,93,-0.2271650000,94,-0.3001430000,95,-0.3526010000,96,-0.1055730000,97,-0.0139968000,98,-0.2070630000,99,-0.0778686000,100,0.1295280000,101,0.0720037000,102,0.0056962300,103,-0.3796780000,104,-0.5420950000,105,-0.4482540000,106,-0.3643420000,107,-0.2741490000,108,-0.0904819000,109,-0.0931163000,110,0.0019842400,111,-0.0344056000,112,0.0197174000,113,0.0218820000,114,0.2193700000,115,0.2241340000,116,-0.0241851000,117,-0.3545400000,118,-0.3359570000,119,-0.1661290000,120,-0.0443795000,121,0.0217984000,122,-0.1853160000,123,-0.1272190000,124,-0.2033040000,125,0.0712200000,126,-0.0714278000,127,0.0917657000,128,0.0941687000,129,-0.0076584200,130,-0.0319213000,131,-0.4602090000,132,-0.7224920000,133,-0.4167110000,134,-0.3664390000,135,-0.2405540000,136,-0.1354970000,137,-0.1911170000,138,-0.0812339000,139,-0.0483965000,140,-0.0148322000,141,-0.0144301000,142,0.2427880000,143,0.1755110000,144,-0.0328376000,145,-0.3584450000,146,-0.5592550000,147,-0.4625150000,148,-0.3674480000,149,-0.4866720000,150,-0.0992723000,151,-0.1683000000,152,-0.1720610000,153,0.0174073000,154,-0.0005333610,155,0.1715230000,156,-0.0437030000,157,-0.1807860000,158,-0.1666530000,159,-0.7033970000,160,-0.6983720000,161,-0.3389510000,162,-0.2366680000,163,-0.1587900000,164,-0.0730363000,165,-0.2482380000,166,-0.0682694000,167,-0.0345885000,168,0.0097977100,169,-0.0570579000,170,-0.2673070000,171,0.0379542000,172,0.0780787000,173,-0.4159060000,174,-0.7778140000,175,-0.7948080000,176,-0.4649100000,177,-0.3723450000,178,-0.0316290000,179,0.0352977000,180,0.0132380000,181,0.0428679000,182,0.0015019600,183,0.0309637000,184,-0.0048629200,185,-0.1243590000,186,-0.0770763000,187,-0.4329380000,188,-0.6355080000,189,-0.2136620000,190,-0.2296710000,191,-0.1876410000,192,-0.1849920000,193,-0.3624630000,194,-0.1547050000,195,-0.0458278000,196,0.0334629000,197,-0.0563186000,198,-0.2492870000,199,0.0287306000,200,-0.0113692000,201,-0.4353740000,202,-0.9016790000,203,-0.5476220000,204,-0.4397060000,205,-0.1165220000,206,0.1124100000,207,0.1444790000,208,0.2923910000,209,0.0280918000,210,0.0662633000,211,0.0732354000,212,0.0522022000,213,-0.1229970000,214,-0.1332510000,215,-0.1753580000,216,-0.4629670000,217,-0.2339190000,218,-0.2542650000,219,-0.2608640000,220,-0.3786060000,221,-0.4226910000,222,-0.2722970000,223,-0.2199370000,224,-0.0062814400,225,-0.0567076000,226,-0.2756270000,227,0.0419006000,228,-0.1677010000,229,-0.4103840000,230,-0.3035830000,231,-0.4087000000,232,-0.3728670000,233,-0.1674980000,234,0.0773900000,235,0.0090848500,236,0.0817971000,237,0.0779853000,238,0.2507930000,239,0.1618670000,240,-0.0066335800,241,-0.0850886000,242,-0.1792880000,243,-0.2944080000,244,-0.3431410000,245,-0.0884292000,246,-0.0471689000,247,-0.2840330000,248,-0.5603650000,249,-0.4570260000,250,-0.1354750000,251,-0.2315540000,252,-0.1745120000,253,-0.2174750000,254,-0.3264440000,255,-0.0285018000,256,-0.3279250000,257,-0.1980740000,258,-0.0042338200,259,-0.2078740000,260,-0.3000130000,261,-0.3211160000,262,-0.0032779200,263,0.0989536000,264,0.0369658000,265,0.2475900000,266,0.2694900000,267,0.2193740000,268,0.0230559000,269,-0.1566790000,270,-0.1190740000,271,-0.4230640000,272,-0.5598600000,273,-0.0809215000,274,0.0524816000,275,-0.1269970000,276,-0.4697450000,277,-0.1355850000,278,-0.2320740000,279,-0.2230230000,280,-0.2038080000,281,-0.1924920000,282,-0.2898430000,283,-0.0367308000,284,-0.3369080000,285,-0.4010340000,286,-0.3205390000,287,-0.3075770000,288,-0.2581290000,289,-0.5151300000,290,-0.1071470000,291,0.1054040000,292,0.1525020000,293,0.2406820000,294,0.2408630000,295,0.2793660000,296,0.0183297000,297,-0.0262178000,298,-0.1809620000,299,-0.3540090000,300,-0.7995560000,301,-0.3632930000,302,0.0456029000,303,-0.2513340000,304,-0.6245360000,305,-0.0631604000,306,0.0785585000,307,0.1282510000,308,-0.1624950000,309,0.0092245900,310,-0.0407052000,311,-0.0452005000,312,-0.2461640000,313,-0.2751580000,314,-0.4336960000,315,-0.3790460000,316,-0.3477180000,317,-0.2581310000,318,0.0141226000,319,0.1156020000,320,0.0641676000,321,0.1940320000,322,0.1302460000,323,0.1421100000,324,0.0791281000,325,-0.0134445000,326,-0.1456940000,327,-0.5523770000,328,-0.3475030000,329,-0.1880350000,330,0.0981333000,331,-0.0647002000,332,-0.1969270000,333,0.0457240000,334,0.1089010000,335,0.2599090000,336,-0.0134681000,337,0.0306622000,338,-0.0220440000,339,-0.0506555000,340,-0.1926390000,341,-0.0853912000,342,-0.1644590000,343,-0.3590990000,344,-0.0407589000,345,0.1071600000,346,0.0183756000,347,0.0031605400,348,0.1222090000,349,0.0933098000,350,0.1104690000,351,0.0338691000,352,-0.0434490000,353,-0.0936334000,354,-0.0103886000,355,-0.8386590000,356,-0.1952180000,357,-0.0331931000,358,-0.2096620000,359,-0.2699500000,360,-0.2195260000,361,-0.0029030900,362,-0.0376357000,363,0.1155970000,364,0.2222330000,365,0.0252867000,366,-0.0499736000,367,0.0611748000,368,-0.1462700000,369,-0.1338280000,370,0.0539952000,371,-0.2173550000,372,0.1061780000,373,0.1366450000,374,-0.0233986000,375,0.0594764000,376,0.0214885000,377,-0.1341440000,378,0.0723005000,379,0.0644093000,380,-0.0394177000,381,0.0545380000,382,-0.0393475000,383,-0.5426660000,384,-0.4630320000,385,-0.3023740000,386,-0.0480270000,387,-0.3139050000,388,-0.3017000000,389,0.1102450000,390,0.0592894000,391,-0.0339218000,392,0.0041057700,393,0.0148173000,394,0.0127708000,395,0.0686443000,396,0.1295770000,397,-0.1536960000,398,-0.2415130000,399,-0.1371380000,400,0.2506060000,401,0.1204610000,402,0.0811194000,403,-0.1920560000,404,-0.1567200000,405,-0.0257163000,406,0.1378080000,407,0.0720087000,408,-0.0971236000,409,-0.1641770000,410,-0.1288610000,411,-0.3464140000,412,-0.2142120000,413,-0.0301748000,414,0.0179828000,415,-0.2768730000,416,-0.1063660000,417,0.0729306000,418,0.0743802000,419,-0.0148644000,420,0.0197900000,421,-0.0030239900,422,0.0919997000,423,0.0234088000,424,0.0941268000,425,-0.1340970000,426,-0.5583320000,427,-0.1866880000,428,0.0324821000,429,0.0050734500,430,0.0103263000,431,-0.0547230000,432,-0.0313566000,433,0.0797287000,434,0.1759390000,435,-0.0470781000,436,-0.0590002000,437,-0.0786177000,438,-0.2832060000,439,-0.7741980000,440,-0.3212850000,441,0.1070810000,442,-0.2605800000,443,-0.3377530000,444,-0.3302450000,445,-0.0371553000,446,-0.0357514000,447,-0.0459126000,448,0.0224973000,449,0.0413801000,450,0.0398362000,451,0.0126028000,452,0.0010671000,453,-0.1744800000,454,-0.3237420000,455,-0.4354850000,456,-0.2044720000,457,-0.0687184000,458,0.0132529000,459,-0.0548432000,460,-0.1419870000,461,0.1110020000,462,0.2188200000,463,-0.0334289000,464,-0.0475258000,465,-0.2143260000,466,-0.4492730000,467,-0.9932370000,468,-0.0135472000,469,-0.0253626000,470,-0.1497370000,471,-0.5640540000,472,-0.3639940000,473,-0.4868270000,474,0.1321980000,475,-0.1396550000,476,0.0172197000,477,0.0669869000,478,-0.0029185900,479,-0.0731470000,480,-0.1120840000,481,-0.1846280000,482,-0.3890410000,483,-0.7238720000,484,-0.5085770000,485,-0.2309410000,486,-0.0675310000,487,-0.3146820000,488,-0.1497080000,489,0.0961306000,490,0.2215680000,491,0.0664637000,492,-0.0911387000,493,-0.2378480000,494,-0.2148160000,495,-0.2545980000,496,-0.0321040000,497,-0.1468190000,498,0.0387654000,499,-0.1478040000,500,-0.1988560000,501,-0.2468630000,502,0.1651310000,503,-0.1719030000,504,-0.0924920000,505,0.0898631000,506,0.0066693400,507,-0.0655254000,508,-0.2241590000,509,-0.1347310000,510,-0.4419140000,511,-0.7567560000,512,-0.5375060000,513,-0.0317397000,514,-0.1664260000,515,-0.2775170000,516,-0.1890310000,517,0.1668010000,518,0.2732390000,519,0.1675020000,520,-0.0173318000,521,-0.0031803200,522,0.1664900000,523,0.1762010000,524,0.4238900000,525,0.0281357000,526,-0.1852870000,527,-0.3656510000,528,-0.2846420000,529,-0.0687577000,530,0.0872790000,531,0.0943214000,532,0.0611969000,533,-0.2230040000,534,0.0068183700,535,-0.0456517000,536,-0.2621540000,537,-0.3934700000,538,-0.2773020000,539,-0.0368838000,540,-0.1979720000,541,0.1886040000,542,-0.0607127000,543,-0.0857031000,544,-0.1675260000,545,0.2264830000,546,0.1709090000,547,0.1580490000,548,0.1121490000,549,-0.0651221000,550,0.0807693000,551,0.1646270000,552,0.0886872000,553,-0.2098230000,554,-0.4459150000,555,-0.2206890000,556,-0.0397062000,557,0.0517347000,558,0.0392773000,559,0.1523860000,560,0.0201423000,561,-0.2435450000,562,-0.0590229000,563,-0.1394430000,564,-0.3379360000,565,-0.5094990000,566,-0.3885990000,567,-0.2057490000,568,-0.0522560000,569,0.2528180000,570,0.0309782000,571,-0.0173590000,572,0.0209680000,573,0.1436210000,574,0.1135760000,575,0.1261370000,576,0.0634825000,577,0.0865809000,578,0.2038490000,579,0.1627680000,580,-0.0512948000,581,-0.2660330000,582,-0.5397500000,583,-0.3205350000,584,-0.0940574000,585,0.1137530000,586,0.1162980000,587,0.0401210000,588,0.1653370000,589,0.0876896000,590,-0.0515285000,591,-0.2370770000,592,-0.1526600000,593,-0.3017920000,594,-0.1295490000,595,-0.1019570000,596,0.1666300000,597,0.1233000000,598,0.1754250000,599,-0.1605790000,600,0.0157229000,601,-0.0005299780,602,0.0057851800,603,0.0676130000,604,0.0393688000,605,-0.0729531000,606,0.2921030000,607,0.0833869000,608,-0.0084532900,609,0.0101746000,610,-0.2769220000,611,-0.5552730000,612,-0.2156730000,613,-0.0159854000,614,0.1433570000,615,-0.0015715700,616,0.1895030000,617,0.1422550000,618,-0.0796725000,619,-0.0856412000,620,-0.0864549000,621,-0.1036750000,622,0.0006903450,623,-0.1276470000,624,0.0775414000,625,-0.0481738000,626,0.0294014000,627,-0.0923020000,628,-0.0268779000,629,-0.0809703000,630,-0.0690719000,631,0.1074730000,632,-0.0921365000,633,0.1365440000,634,0.3003780000,635,0.1781250000,636,0.2587600000,637,0.0608509000,638,-0.0402825000,639,0.0407090000,640,-0.1677200000,641,0.0651522000,642,0.1251000000,643,-0.0042522200,644,0.0027053700,645,0.0075342000,646,-0.0285159000,647,-0.1504110000,648,-0.1534630000,649,-0.1028130000,650,0.1067830000,651,-0.3397540000,652,-0.5092880000,653,-0.1851760000,654,-0.2686720000,655,-0.1666150000,656,0.1091600000,657,-0.1446870000,658,-0.0528737000,659,0.1119520000,660,0.0022784500,661,0.3095130000,662,-0.0671365000,663,-0.0580132000,664,-0.2013020000,665,-0.3733460000,666,-0.6627840000,667,-0.3129890000,668,-0.1717330000,669,-0.0232630000,670,0.1893000000,671,-0.0186182000,672,0.0064444500,673,-0.0269092000,674,-0.0594626000,675,-0.0970628000,676,-0.1192020000,677,-0.1038370000,678,0.1402770000,679,0.0586009000,680,-0.1372360000,681,-0.1134240000,682,0.0388827000,683,-0.2600440000,684,-0.2817350000,685,-0.4905050000,686,-0.1412810000,687,0.0228211000,688,-0.3516300000,689,0.0896883000,690,-0.1009960000,691,-0.2665910000,692,-0.2426220000,693,-0.3324350000,694,-0.4112830000,695,0.1053000000,696,-0.0484926000,697,0.1941140000,698,0.2178840000,699,0.0304421000,700,-0.0184337000,701,0.0269416000,702,0.0173882000,703,-0.0617166000,704,-0.0829028000,705,-0.1491470000,706,-0.2042610000,707,-0.3329600000,708,-0.3723750000,709,-0.4596170000,710,-0.8394960000,711,-1.3603200000,712,-0.3387250000,713,-0.2988400000,714,-0.1756370000,715,-0.3473900000,716,-0.6628840000,717,-0.7909240000,718,-0.7438680000,719,-0.7066400000,720,-0.5145550000,721,-0.1561990000,722,0.0018805900,723,-0.0337458000,724,-0.0008246060,725,0.0153083000,726,-0.0020647900,727,-0.0011369100,728,0.0229579000,729,-0.0212175000,730,0.0148481000,731,-0.0078634800,732,-0.0277523000,733,-0.1075570000,734,-0.1003050000,735,-0.0943009000,736,-0.2067810000,737,-0.3711960000,738,-0.4169660000,739,-0.6480840000,740,-0.8319610000,741,-1.2252800000,742,-0.5562470000,743,-0.2216260000,744,-0.2495600000,745,-0.5481690000,746,-0.2475840000,747,-0.1273880000,748,-0.1336990000,749,-0.1256780000,750,-0.1012850000,751,-0.0144032000,752,0.0083788000,753,-0.0347255000,754,0.0271036000,755,-0.0225000000,756,-0.0037924100,757,-0.0146318000,758,0.0142493000,759,-0.0061230500,760,0.0071342000,761,-0.0135130000,762,-0.0328770000,763,-0.0131973000,764,-0.0649169000,765,-0.1171710000,766,-0.0277026000,767,-0.1384580000,768,-0.1897560000,769,-0.2768230000,770,-0.4174070000,771,-0.1573170000,772,-0.1071700000,773,-0.0425594000,774,0.0086467400,775,-0.0319773000,776,-0.0321815000,777,-0.0148146000,778,0.0245146000,779,0.0189587000,780,0.0075772100,781,0.0178838000,782,-0.0261659000,783,-0.0047605500
7,0,-0.4418520000,791,-1.0000000000,0,-0.0186269000,1,0.0319435000,2,-0.0161572000,3,-0.0020511800,4,0.0158435000,5,0.0197338000,6,0.0348870000,7,0.0200201000,8,0.0013932800,9,0.0248726000,10,0.0267917000,11,-0.0012709700,12,0.0786826000,13,0.1264200000,14,0.0888396000,15,0.0566975000,16,0.0069394500,17,0.0055398300,18,-0.0204805000,19,-0.0163883000,20,0.0229243000,21,0.0138587000,22,0.0179107000,23,0.0217005000,24,-0.0274259000,25,-0.0214618000,26,0.0016131900,27,0.0228552000,28,-0.0035149200,29,-0.0212130000,30,-0.0164666000,31,-0.0276629000,32,0.0294075000,33,0.0301892000,34,0.0160671000,35,0.0856933000,36,0.2221290000,37,0.3722980000,38,0.3885970000,39,0.3473600000,40,0.3934770000,41,0.6428980000,42,-0.0016970400,43,-0.0430596000,44,0.4931530000,45,0.8144110000,46,0.7705540000,47,0.5528330000,48,0.6031010000,49,0.3697850000,50,0.2314940000,51,0.1052600000,52,0.0251736000,53,0.0102809000,54,-0.0236436000,55,0.0053548800,56,0.0164108000,57,0.0112488000,58,-0.0047198700,59,0.0555466000,60,0.2858810000,61,0.2534330000,62,0.2861820000,63,0.5609080000,64,0.3841740000,65,0.4159270000,66,0.6190470000,67,0.7002210000,68,0.3340790000,69,-0.2658340000,70,-0.0169683000,71,-0.1184930000,72,-0.2654070000,73,-0.0416817000,74,-0.0477901000,75,-0.0826144000,76,0.0114585000,77,0.7533660000,78,0.4174280000,79,0.4054480000,80,0.2739500000,81,0.0765137000,82,-0.0342327000,83,-0.0046618400,84,0.0348181000,85,-0.0317920000,86,-0.2271810000,87,-0.1253890000,88,0.5738290000,89,0.7335770000,90,0.9623110000,91,0.8652770000,92,0.5308580000,93,0.3013480000,94,0.4882320000,95,0.8337630000,96,0.2685930000,97,0.0313027000,98,0.0664205000,99,0.2082580000,100,0.0027110200,101,-0.0925178000,102,-0.0968024000,103,-0.0676008000,104,0.0548737000,105,0.1640500000,106,0.2089790000,107,0.6023130000,108,0.5808160000,109,0.3555280000,110,0.2529060000,111,-0.0275518000,112,-0.0136495000,113,0.0655474000,114,-0.1362890000,115,0.0252726000,116,-0.0598219000,117,-0.1090860000,118,0.0474809000,119,0.1443800000,120,-0.0989041000,121,0.0178028000,122,0.0055805500,123,0.2924070000,124,0.3059550000,125,-0.0382275000,126,0.0240323000,127,0.0491739000,128,0.0140147000,129,0.0383926000,130,0.1073140000,131,-0.0172781000,132,0.0528781000,133,0.0536371000,134,0.1764120000,135,0.4247370000,136,0.7136800000,137,0.7669870000,138,0.3801120000,139,0.2894430000,140,-0.0114479000,141,0.0041575800,142,-0.0740987000,143,0.2382200000,144,-0.0851932000,145,-0.2302580000,146,-0.1292640000,147,0.1665560000,148,0.0920430000,149,0.1259290000,150,0.0361055000,151,0.1819400000,152,0.1771390000,153,-0.0082281900,154,0.0517587000,155,0.0067616500,156,0.1415590000,157,0.0395440000,158,-0.0178631000,159,-0.0762189000,160,0.0749189000,161,-0.0661671000,162,-0.1458110000,163,-0.1324810000,164,0.2025830000,165,0.8371970000,166,0.4077690000,167,0.3130070000,168,0.0223452000,169,0.2471900000,170,0.3633250000,171,0.4645830000,172,0.3383920000,173,0.0770716000,174,-0.1200310000,175,-0.0263917000,176,0.1950460000,177,0.3506470000,178,-0.0992892000,179,0.0321983000,180,0.1409250000,181,0.0544585000,182,0.0592420000,183,0.1660210000,184,0.1343700000,185,0.1077670000,186,-0.0128160000,187,0.1584740000,188,-0.1529870000,189,-0.0805239000,190,0.1105100000,191,0.2147220000,192,0.3034080000,193,1.5963200000,194,0.5918970000,195,0.1812830000,196,0.0506910000,197,0.3879770000,198,0.3270410000,199,1.0356800000,200,-0.0030553800,201,0.0186652000,202,0.0898964000,203,-0.0459734000,204,0.2898780000,205,0.1996450000,206,0.0317483000,207,0.1484920000,208,0.0855424000,209,0.2050890000,210,-0.0454331000,211,0.1115940000,212,0.0738180000,213,0.1252060000,214,0.0458491000,215,0.0166984000,216,-0.1387620000,217,-0.1072320000,218,0.2387520000,219,0.1587860000,220,0.5493300000,221,1.3627500000,222,0.6076010000,223,0.2813400000,224,0.2512470000,225,0.5960970000,226,0.4260070000,227,0.9946580000,228,0.0085007800,229,0.0967788000,230,0.1944690000,231,-0.0831066000,232,0.0263094000,233,0.1377420000,234,0.0626028000,235,0.1471440000,236,0.0514749000,237,0.0039212500,238,-0.0535768000,239,0.0519326000,240,0.1593640000,241,0.0480962000,242,0.0560847000,243,-0.0084430200,244,0.0367211000,245,0.0974028000,246,0.1276310000,247,0.3278410000,248,0.5788490000,249,1.3295200000,250,0.9678660000,251,0.3185430000,252,0.2253540000,253,0.4210880000,254,0.4367960000,255,0.9589790000,256,0.0014866800,257,0.2595050000,258,0.0138096000,259,-0.1658500000,260,-0.2101860000,261,-0.1195510000,262,-0.0589859000,263,0.0100390000,264,-0.0373396000,265,-0.1703530000,266,-0.1058490000,267,0.0153184000,268,0.1255220000,269,0.0763405000,270,0.0450854000,271,0.0027278000,272,0.3186340000,273,0.3320640000,274,0.2368200000,275,0.3523010000,276,0.3661060000,277,1.2208200000,278,0.6201980000,279,0.4370000000,280,0.2228980000,281,0.4354660000,282,0.4712160000,283,0.6935450000,284,-0.0624602000,285,0.4412070000,286,0.2013150000,287,-0.0790276000,288,-0.1439740000,289,-0.0198633000,290,-0.0932838000,291,-0.1498740000,292,-0.1592500000,293,-0.1777940000,294,-0.1350560000,295,-0.0700435000,296,0.0268060000,297,-0.0313936000,298,0.0190056000,299,-0.0793911000,300,0.2409010000,301,0.1667220000,302,0.1094690000,303,0.0339205000,304,1.1552200000,305,0.8003520000,306,0.2660710000,307,-0.0920610000,308,0.2990220000,309,0.4463610000,310,0.6574380000,311,0.7118940000,312,-0.0664208000,313,0.3144070000,314,0.6134440000,315,0.2205080000,316,0.3666490000,317,0.1788460000,318,0.0183247000,319,0.0105830000,320,-0.0286048000,321,-0.1656750000,322,-0.0899978000,323,-0.1289810000,324,0.0515463000,325,0.0490464000,326,0.0592732000,327,0.0062861700,328,-0.1374150000,329,-0.1195130000,330,-0.0756198000,331,-0.0182517000,332,1.0916200000,333,0.5270570000,334,0.1144270000,335,-0.1804950000,336,0.1821920000,337,0.4633240000,338,0.5283950000,339,0.6215690000,340,-0.0991978000,341,0.5697130000,342,0.0990623000,343,0.1705150000,344,0.2621360000,345,0.1282840000,346,0.1907420000,347,0.0811833000,348,-0.0528163000,349,-0.0337119000,350,-0.0241728000,351,-0.0245506000,352,0.1260120000,353,0.0269473000,354,0.1299590000,355,0.1454670000,356,-0.1346150000,357,-0.1322970000,358,-0.1006550000,359,-0.1308980000,360,0.9335930000,361,0.3209010000,362,0.3643180000,363,0.0688496000,364,-0.2210230000,365,0.5752450000,366,0.5894590000,367,0.3238090000,368,-0.1553740000,369,0.3793720000,370,-0.0397515000,371,-0.0106739000,372,0.0840934000,373,0.1660490000,374,0.4857540000,375,0.0474339000,376,0.0739140000,377,0.1725060000,378,0.1301170000,379,0.0560972000,380,0.0715489000,381,-0.1088180000,382,0.2622670000,383,0.1146890000,384,0.0001149800,385,0.0766445000,386,0.4749200000,387,0.7916430000,388,0.7628570000,389,0.2787660000,390,0.3315270000,391,0.3397550000,392,0.2777920000,393,0.3445550000,394,0.4118040000,395,-0.0518741000,396,-0.2400650000,397,0.0639940000,398,0.1587290000,399,0.6275300000,400,-0.0160891000,401,0.1984540000,402,0.3606850000,403,0.1577400000,404,0.1705370000,405,0.1529700000,406,0.1778640000,407,0.0914358000,408,0.0381421000,409,0.0160980000,410,0.3311240000,411,0.2147240000,412,0.1143250000,413,0.3133700000,414,0.4844890000,415,0.3326180000,416,0.1379800000,417,0.0441208000,418,0.0549016000,419,0.2833150000,420,0.4053040000,421,0.1514420000,422,-0.1363750000,423,0.0281149000,424,0.6294470000,425,0.8250570000,426,0.5796910000,427,0.2209760000,428,0.0255273000,429,0.1733160000,430,0.1862090000,431,0.1250140000,432,0.2211610000,433,0.1752690000,434,0.1337900000,435,0.1135360000,436,0.0163194000,437,0.0906134000,438,0.1949760000,439,0.4298230000,440,0.3459120000,441,0.7107060000,442,1.0720600000,443,0.8486100000,444,0.6714140000,445,0.4143410000,446,0.3903220000,447,0.5031300000,448,0.2221850000,449,-0.0193492000,450,-0.1824810000,451,0.7249090000,452,0.8959010000,453,0.1862850000,454,0.1529330000,455,0.1596830000,456,0.1269640000,457,0.1283650000,458,0.1017780000,459,0.2608640000,460,0.3541770000,461,0.2657150000,462,0.0921675000,463,0.0690096000,464,0.0979027000,465,0.1247830000,466,0.1476220000,467,0.1942750000,468,0.1757720000,469,0.1462120000,470,0.1424420000,471,0.2828850000,472,-0.1503850000,473,0.5495890000,474,0.2898640000,475,0.5167400000,476,-0.0321973000,477,-0.1494510000,478,0.5304180000,479,0.8596240000,480,0.5490760000,481,0.1737490000,482,0.0595309000,483,0.0585049000,484,0.1079320000,485,0.0885345000,486,0.0149383000,487,0.2476940000,488,0.2843790000,489,0.2674720000,490,-0.0649025000,491,-0.0764619000,492,-0.0425275000,493,0.0976244000,494,-0.0571085000,495,-0.0844972000,496,-0.0304040000,497,-0.1094410000,498,-0.1023260000,499,-0.1188210000,500,-0.2312610000,501,0.3001500000,502,0.2097710000,503,0.5160220000,504,0.2784190000,505,0.3118220000,506,0.7494880000,507,1.1377100000,508,1.3607800000,509,0.3145490000,510,0.2885700000,511,0.2117270000,512,0.0508737000,513,-0.0661810000,514,0.0627844000,515,0.1060630000,516,0.2042430000,517,0.1445180000,518,-0.0326391000,519,-0.1219310000,520,-0.0121123000,521,0.0271348000,522,-0.0494757000,523,0.0702312000,524,-0.0976271000,525,-0.0154841000,526,-0.0429413000,527,-0.1016500000,528,-0.2537750000,529,-0.1023370000,530,0.2534650000,531,0.1381940000,532,-0.1139160000,533,0.5346100000,534,0.4822290000,535,0.9357450000,536,0.8884510000,537,0.3516820000,538,-0.1075660000,539,-0.1243470000,540,-0.0654364000,541,-0.1925570000,542,-0.0331316000,543,0.0584392000,544,0.1716150000,545,0.0459928000,546,0.0134234000,547,-0.1215550000,548,-0.1008630000,549,0.0973950000,550,-0.0269735000,551,-0.0006019160,552,-0.0737967000,553,-0.0048503400,554,-0.1624810000,555,-0.1775340000,556,-0.1256250000,557,-0.1214430000,558,0.2698370000,559,0.1091750000,560,0.0246098000,561,0.5848700000,562,0.6254610000,563,0.2490640000,564,0.2155500000,565,0.4212230000,566,-0.2097500000,567,-0.0501682000,568,-0.0234680000,569,-0.1627250000,570,-0.0742817000,571,-0.0526624000,572,0.0364886000,573,0.1268330000,574,0.0376515000,575,0.0199951000,576,-0.0280769000,577,-0.0303792000,578,-0.2214520000,579,-0.1713480000,580,-0.1881000000,581,-0.1563470000,582,-0.1796510000,583,-0.0869504000,584,-0.0037994200,585,0.1406620000,586,0.1171490000,587,-0.1567220000,588,-0.1896970000,589,0.4090330000,590,0.6576470000,591,0.0133996000,592,0.1526130000,593,-0.1038900000,594,-0.1484200000,595,0.0615507000,596,0.0047970600,597,0.0359126000,598,-0.0199040000,599,0.2575980000,600,0.1526780000,601,0.0540269000,602,0.0405123000,603,0.0842991000,604,-0.0483598000,605,-0.0430569000,606,-0.2834530000,607,-0.1289580000,608,-0.3325080000,609,-0.3116870000,610,-0.0082909200,611,0.0743839000,612,-0.0857620000,613,-0.1066140000,614,0.1367170000,615,0.0345473000,616,-0.1870210000,617,0.0247747000,618,0.5042120000,619,0.2325360000,620,0.0231140000,621,-0.3390590000,622,-0.1460990000,623,0.1284880000,624,-0.0028700200,625,-0.1022950000,626,0.0711616000,627,0.2323140000,628,0.2710450000,629,0.1794980000,630,0.1491770000,631,0.1029050000,632,0.1574980000,633,-0.0345641000,634,-0.1568680000,635,-0.1712370000,636,-0.3397430000,637,-0.1764580000,638,0.0897786000,639,0.1142620000,640,-0.0002380100,641,-0.1003460000,642,-0.1873710000,643,-0.0110450000,644,-0.0008699940,645,-0.0315397000,646,0.6106220000,647,0.8002320000,648,0.4822630000,649,-0.0001429630,650,-0.0318429000,651,0.0328587000,652,0.0856402000,653,-0.1577300000,654,0.0337852000,655,0.1966560000,656,0.0792222000,657,0.0529336000,658,0.1785470000,659,-0.0060767300,660,0.0826405000,661,-0.0116218000,662,0.2311630000,663,0.0238362000,664,-0.1194550000,665,0.0382782000,666,0.2260720000,667,0.6238160000,668,0.6580920000,669,0.1547760000,670,-0.2465210000,671,-0.0110351000,672,0.0165441000,673,0.0282789000,674,0.3484940000,675,0.4035050000,676,0.6503270000,677,0.3131420000,678,0.3120030000,679,0.0941313000,680,0.0731432000,681,-0.0446790000,682,-0.1319750000,683,0.0655245000,684,0.2179790000,685,0.2596750000,686,0.3012900000,687,0.2224320000,688,0.6811010000,689,0.1610950000,690,0.0972079000,691,-0.0600088000,692,0.0552297000,693,0.0807422000,694,0.2394590000,695,0.5125780000,696,0.3794540000,697,0.0335039000,698,-0.2353270000,699,-0.0127962000,700,-0.0336848000,701,-0.0184506000,702,0.1992750000,703,0.2597530000,704,0.4355400000,705,0.6582600000,706,0.6908660000,707,0.8489150000,708,0.2284230000,709,0.2767890000,710,0.7003450000,711,1.1274100000,712,0.2115950000,713,0.2771050000,714,0.3579130000,715,0.5681620000,716,1.0306700000,717,1.4656400000,718,1.4478300000,719,1.3355700000,720,1.5115300000,721,1.0651700000,722,0.6931150000,723,0.4850560000,724,0.2905150000,725,0.2553920000,726,0.2022910000,727,0.0244626000,728,-0.0214396000,729,-0.0182031000,730,-0.0237560000,731,0.1010790000,732,0.3282780000,733,0.5137770000,734,0.9006810000,735,1.3112100000,736,1.7431000000,737,1.4396400000,738,1.2974900000,739,1.6256200000,740,1.3350700000,741,1.8340200000,742,1.0337200000,743,0.4692360000,744,0.5181990000,745,1.4640600000,746,0.7019630000,747,0.7366170000,748,0.9066490000,749,0.6757780000,750,0.4673770000,751,0.3312940000,752,-0.0071595800,753,0.1188310000,754,0.0304442000,755,-0.0000613417,756,0.0018987600,757,-0.0190812000,758,-0.0348515000,759,0.0072389000,760,0.1568380000,761,0.2211670000,762,0.3956670000,763,0.4790260000,764,0.5178000000,765,0.4266940000,766,0.5140260000,767,0.8983790000,768,1.0110000000,769,0.9805860000,770,1.2458400000,771,0.7108790000,772,0.6915220000,773,0.5354730000,774,0.3682600000,775,0.6209460000,776,0.3506290000,777,0.3844270000,778,0.4524590000,779,0.3587320000,780,0.0204981000,781,-0.0258535000,782,-0.0278368000,783,-0.0350245000
8,0,0.0012328600,792,-1.0000000000,0,0.0297040000,1,-0.0329314000,2,0.0058124200,3,0.0224353000,4,0.0194559000,5,0.0269623000,6,-0.0062601500,7,0.0169548000,8,0.0341943000,9,0.0247983000,10,0.0249630000,11,-0.0344279000,12,0.0065177600,13,-0.0105643000,14,-0.0097763300,15,-0.0125341000,16,-0.0048615700,17,-0.0066036800,18,-0.0198961000,19,-0.0067146900,20,-0.0337730000,21,0.0349643000,22,-0.0179958000,23,-0.0065982300,24,0.0242115000,25,-0.0026393400,26,0.0277310000,27,-0.0285002000,28,-0.0158998000,29,0.0114302000,30,0.0246181000,31,-0.0112249000,32,-0.0336209000,33,0.0346275000,34,0.0160279000,35,-0.0295739000,36,0.0338316000,37,0.0231172000,38,-0.0155631000,39,0.0088552800,40,-0.0049975200,41,0.0086123300,42,0.0070352800,43,0.0303914000,44,-0.0100596000,45,-0.0339835000,46,-0.0352707000,47,0.0071689500,48,0.0318615000,49,0.0301009000,50,-0.0016245600,51,-0.0111039000,52,0.0233574000,53,0.0081135800,54,-0.0262335000,55,-0.0246331000,56,-0.0181587000,57,0.0012401400,58,-0.0226193000,59,0.0303254000,60,0.0019135300,61,0.0236240000,62,0.0131327000,63,-0.0077047000,64,-0.0082491300,65,-0.0295801000,66,-0.0186642000,67,0.0063873000,68,0.0213014000,69,0.0285402000,70,-0.0040447900,71,0.0023364800,72,-0.0122757000,73,-0.0249416000,74,0.0112508000,75,0.0004558250,76,-0.0248012000,77,0.0205918000,78,0.0174185000,79,0.0237245000,80,0.0295400000,81,0.0139990000,82,0.0004293660,83,-0.0342843000,84,0.0269635000,85,0.0121048000,86,-0.0017355700,87,-0.0003728950,88,0.0213846000,89,-0.0058029400,90,0.0079175900,91,0.0096245900,92,-0.0197939000,93,0.0023213200,94,0.0277993000,95,-0.0085175400,96,0.0204798000,97,0.0111899000,98,0.0268146000,99,-0.0072434000,100,0.0074060100,101,-0.0045094200,102,-0.0324287000,103,0.0131084000,104,-0.0166523000,105,-0.0292717000,106,0.0287422000,107,-0.0231029000,108,-0.0167928000,109,0.0009252090,110,-0.0210466000,111,0.0240374000,112,-0.0230699000,113,0.0171608000,114,0.0323271000,115,-0.0080001700,116,0.0040827600,117,-0.0169184000,118,-0.0292462000,119,-0.0103427000,120,0.0147645000,121,0.0071120100,122,-0.0064258500,123,-0.0179375000,124,-0.0194660000,125,-0.0144083000,126,0.0080651500,127,-0.0157329000,128,0.0175547000,129,-0.0350752000,130,0.0142251000,131,-0.0157564000,132,-0.0172875000,133,0.0316733000,134,-0.0160981000,135,-0.0067622000,136,0.0015077300,137,-0.0314230000,138,-0.0123912000,139,0.0246978000,140,0.0191643000,141,0.0067025200,142,-0.0227780000,143,0.0271855000,144,0.0066486300,145,-0.0165681000,146,0.0200212000,147,-0.0382931000,148,-0.0390016000,149,-0.0135443000,150,-0.0027750500,151,0.0107503000,152,-0.0423877000,153,0.0207277000,154,-0.0081440700,155,-0.0134695000,156,-0.0183157000,157,-0.0212241000,158,-0.0070573000,159,-0.0296951000,160,-0.0262160000,161,0.0275541000,162,-0.0075373100,163,-0.0211344000,164,-0.0017989600,165,0.0327494000,166,-0.0138004000,167,-0.0289735000,168,-0.0149454000,169,0.0270233000,170,0.0074633900,171,0.0133537000,172,0.0139436000,173,-0.0169921000,174,0.0034522700,175,0.0068674700,176,0.0238177000,177,-0.0143887000,178,0.0094955800,179,0.0214890000,180,0.0013889000,181,-0.0383432000,182,-0.0370074000,183,0.0039011400,184,0.0012193500,185,0.0211635000,186,0.0256171000,187,-0.0359100000,188,0.0003372820,189,0.0047359000,190,0.0140336000,191,0.0120564000,192,-0.0045026700,193,-0.0302945000,194,0.0236020000,195,-0.0086909200,196,0.0077033400,197,-0.0078026700,198,-0.0225955000,199,0.0126604000,200,-0.0040035500,201,0.0245377000,202,-0.0300387000,203,-0.0349786000,204,0.0235107000,205,0.0193695000,206,-0.0079672200,207,-0.0350199000,208,-0.0018669800,209,0.0004270490,210,0.0176061000,211,-0.0300828000,212,0.0250241000,213,-0.0196523000,214,-0.0413545000,215,-0.0319012000,216,0.0025239600,217,-0.0414333000,218,-0.0365661000,219,-0.0213369000,220,0.0272063000,221,0.0352147000,222,-0.0048134500,223,0.0241302000,224,-0.0037723100,225,0.0035158700,226,-0.0337766000,227,0.0175003000,228,0.0194666000,229,0.0252461000,230,0.0205427000,231,-0.0011911200,232,-0.0110643000,233,-0.0013582400,234,-0.0380894000,235,0.0077857200,236,0.0214197000,237,0.0253652000,238,-0.0075554400,239,-0.0050614200,240,0.0223265000,241,-0.0060088300,242,0.0140050000,243,0.0066711700,244,-0.0032711300,245,-0.0037992100,246,0.0284644000,247,-0.0272856000,248,0.0127748000,249,-0.0222833000,250,-0.0121891000,251,0.0018215100,252,-0.0109143000,253,-0.0133668000,254,0.0111561000,255,-0.0102485000,256,-0.0211535000,257,0.0081496100,258,0.0037334700,259,-0.0145185000,260,-0.0055495900,261,0.0149920000,262,-0.0399253000,263,-0.0212244000,264,-0.0004629570,265,-0.0170511000,266,-0.0413776000,267,0.0143124000,268,0.0071127700,269,-0.0106749000,270,-0.0093243700,271,0.0198106000,272,0.0077043700,273,-0.0103304000,274,-0.0356307000,275,0.0233324000,276,-0.0264273000,277,0.0139913000,278,-0.0011682600,279,-0.0301457000,280,-0.0049536400,281,0.0301754000,282,-0.0171078000,283,-0.0128990000,284,0.0163762000,285,-0.0362797000,286,-0.0246850000,287,-0.0292536000,288,-0.0160270000,289,-0.0307583000,290,-0.0102110000,291,-0.0426321000,292,-0.0045658500,293,-0.0015434000,294,0.0236223000,295,-0.0289724000,296,-0.0105902000,297,-0.0366541000,298,-0.0315169000,299,0.0119436000,300,0.0218501000,301,0.0018174900,302,-0.0029750900,303,-0.0299673000,304,0.0287149000,305,-0.0185701000,306,-0.0236286000,307,0.0208244000,308,0.0267370000,309,0.0276899000,310,0.0202228000,311,0.0316416000,312,-0.0304345000,313,0.0152441000,314,-0.0225674000,315,-0.0247090000,316,-0.0379805000,317,-0.0020143600,318,-0.0306648000,319,-0.0115057000,320,-0.0320040000,321,-0.0015957400,322,-0.0243027000,323,-0.0021799900,324,-0.0393934000,325,0.0267208000,326,-0.0152707000,327,-0.0289827000,328,-0.0332103000,329,-0.0423653000,330,-0.0330028000,331,-0.0208957000,332,-0.0199303000,333,0.0267545000,334,-0.0315717000,335,-0.0079347500,336,-0.0136240000,337,0.0013167800,338,0.0228876000,339,-0.0077377100,340,0.0131201000,341,0.0287177000,342,-0.0251946000,343,-0.0405379000,344,-0.0076229100,345,-0.0103549000,346,0.0169489000,347,-0.0091121800,348,0.0127134000,349,0.0124689000,350,-0.0418298000,351,0.0039300100,352,-0.0179648000,353,0.0208031000,354,-0.0331699000,355,0.0157184000,356,-0.0151639000,357,-0.0124637000,358,-0.0413836000,359,-0.0275330000,360,-0.0309584000,361,0.0109282000,362,0.0259417000,363,0.0032503000,364,0.0327931000,365,0.0021923200,366,0.0114438000,367,-0.0118484000,368,-0.0169197000,369,-0.0018341200,370,-0.0273204000,371,0.0070606500,372,-0.0193054000,373,-0.0005435140,374,-0.0055446100,375,0.0048202800,376,0.0264624000,377,-0.0237674000,378,-0.0091607700,379,-0.0295744000,380,-0.0281901000,381,0.0061878700,382,-0.0226531000,383,0.0069114900,384,0.0082268800,385,-0.0400263000,386,-0.0181982000,387,0.0170875000,388,0.0064164300,389,-0.0266396000,390,0.0354994000,391,0.0290477000,392,0.0034621100,393,-0.0101521000,394,-0.0181860000,395,-0.0139759000,396,0.0259760000,397,-0.0154097000,398,-0.0039794500,399,0.0015702600,400,0.0046952500,401,-0.0151774000,402,0.0019713000,403,0.0070647000,404,-0.0412734000,405,-0.0016556900,406,-0.0194806000,407,-0.0000680923,408,-0.0175939000,409,-0.0295202000,410,-0.0204846000,411,0.0073493700,412,0.0072340000,413,-0.0430400000,414,0.0099399300,415,0.0256279000,416,0.0086324900,417,-0.0122326000,418,-0.0141707000,419,0.0240601000,420,0.0038030100,421,-0.0345090000,422,0.0089851200,423,0.0255203000,424,-0.0009867510,425,0.0000146540,426,-0.0211126000,427,0.0074740700,428,0.0057899900,429,0.0171403000,430,-0.0441567000,431,-0.0163185000,432,-0.0406606000,433,-0.0231380000,434,0.0086745800,435,-0.0409730000,436,-0.0108715000,437,-0.0183704000,438,-0.0169145000,439,0.0149880000,440,0.0259552000,441,0.0082537800,442,-0.0052778100,443,0.0153039000,444,-0.0011299300,445,-0.0034476100,446,0.0129872000,447,0.0214118000,448,-0.0071968400,449,0.0111944000,450,-0.0204867000,451,0.0030041300,452,-0.0109332000,453,0.0227815000,454,0.0059981800,455,-0.0421752000,456,-0.0124596000,457,0.0080459900,458,0.0211912000,459,-0.0230489000,460,-0.0299453000,461,0.0115848000,462,0.0236478000,463,0.0033867200,464,-0.0172604000,465,0.0247162000,466,0.0153126000,467,-0.0232276000,468,-0.0185953000,469,-0.0000832270,470,-0.0015982500,471,0.0205957000,472,-0.0055339000,473,0.0303046000,474,0.0322363000,475,-0.0211806000,476,-0.0138699000,477,0.0086727700,478,0.0088136100,479,-0.0301816000,480,0.0143948000,481,0.0047701900,482,-0.0315997000,483,0.0239510000,484,-0.0232280000,485,-0.0278906000,486,0.0043642500,487,-0.0228056000,488,-0.0322899000,489,-0.0361846000,490,-0.0349247000,491,-0.0417968000,492,0.0018362600,493,0.0166965000,494,-0.0388035000,495,-0.0344450000,496,0.0094062700,497,-0.0243134000,498,-0.0054418900,499,-0.0122973000,500,-0.0095487000,501,0.0327044000,502,-0.0116756000,503,-0.0010390200,504,-0.0071804100,505,-0.0031977500,506,0.0267747000,507,-0.0012022400,508,0.0278507000,509,-0.0222724000,510,-0.0279652000,511,0.0073822700,512,-0.0170359000,513,-0.0433695000,514,0.0097821200,515,-0.0030715100,516,-0.0408625000,517,-0.0431167000,518,0.0116556000,519,-0.0149774000,520,-0.0225640000,521,0.0138697000,522,0.0223396000,523,-0.0319353000,524,-0.0136815000,525,0.0152430000,526,0.0156837000,527,0.0115042000,528,0.0315885000,529,0.0116255000,530,0.0227579000,531,-0.0066659700,532,-0.0124762000,533,-0.0330565000,534,0.0075423700,535,-0.0104741000,536,-0.0330105000,537,0.0139838000,538,-0.0116095000,539,-0.0311025000,540,0.0015029700,541,0.0216289000,542,-0.0352203000,543,0.0045156800,544,0.0082313600,545,0.0069982900,546,-0.0071733000,547,-0.0121105000,548,-0.0239337000,549,-0.0192299000,550,-0.0183797000,551,0.0035790100,552,0.0028180000,553,-0.0439744000,554,-0.0298238000,555,-0.0262163000,556,-0.0072973800,557,-0.0297335000,558,0.0034489100,559,0.0039534000,560,-0.0356642000,561,0.0005684410,562,-0.0035419700,563,0.0286984000,564,0.0208389000,565,-0.0048416100,566,-0.0003313090,567,-0.0220862000,568,-0.0355068000,569,-0.0330130000,570,-0.0284222000,571,0.0015092300,572,-0.0140408000,573,-0.0053980100,574,-0.0357293000,575,-0.0104275000,576,0.0211642000,577,-0.0015017900,578,-0.0143904000,579,-0.0025155500,580,0.0111115000,581,-0.0342511000,582,-0.0365743000,583,-0.0257831000,584,0.0124605000,585,0.0269090000,586,0.0255776000,587,0.0177448000,588,0.0355326000,589,0.0136009000,590,0.0337524000,591,0.0061997300,592,-0.0315278000,593,0.0165371000,594,0.0047404000,595,0.0176736000,596,-0.0298634000,597,-0.0183593000,598,0.0075862700,599,-0.0253179000,600,-0.0186391000,601,-0.0132837000,602,-0.0164754000,603,0.0183444000,604,-0.0280350000,605,0.0187081000,606,-0.0302345000,607,0.0091904000,608,-0.0376883000,609,0.0291496000,610,-0.0182247000,611,0.0217358000,612,0.0258438000,613,0.0258207000,614,-0.0004256070,615,-0.0012303300,616,-0.0155132000,617,-0.0125546000,618,0.0076498200,619,-0.0084920100,620,0.0022074200,621,-0.0187961000,622,-0.0004988950,623,0.0116887000,624,0.0215912000,625,-0.0116446000,626,0.0147493000,627,-0.0216149000,628,-0.0296913000,629,0.0256397000,630,-0.0285164000,631,-0.0060105100,632,-0.0032556400,633,-0.0085299900,634,0.0260223000,635,-0.0254214000,636,-0.0053279600,637,0.0248862000,638,0.0148387000,639,-0.0046264700,640,0.0126811000,641,-0.0071176300,642,-0.0315479000,643,0.0191942000,644,0.0343891000,645,-0.0103893000,646,-0.0269231000,647,0.0352618000,648,-0.0232093000,649,-0.0218275000,650,-0.0057190300,651,0.0077879200,652,-0.0199800000,653,-0.0267488000,654,0.0273146000,655,-0.0326239000,656,-0.0379959000,657,-0.0093570900,658,-0.0085857700,659,-0.0225430000,660,-0.0390463000,661,-0.0385191000,662,0.0056506900,663,0.0258018000,664,-0.0217608000,665,-0.0068338000,666,-0.0199672000,667,0.0126031000,668,0.0058610200,669,-0.0241180000,670,0.0182069000,671,0.0277520000,672,-0.0176304000,673,0.0239993000,674,-0.0194015000,675,-0.0000603242,676,0.0118604000,677,-0.0091162200,678,-0.0051458900,679,-0.0014493400,680,-0.0153628000,681,0.0124293000,682,-0.0396850000,683,0.0078740100,684,-0.0219727000,685,-0.0049926600,686,0.0155491000,687,-0.0395269000,688,0.0039949100,689,-0.0002682370,690,0.0149156000,691,-0.0226494000,692,-0.0263852000,693,0.0268733000,694,0.0172464000,695,-0.0325304000,696,-0.0041576600,697,0.0214411000,698,0.0142694000,699,-0.0051567900,700,0.0250461000,701,0.0200526000,702,0.0291473000,703,-0.0086653000,704,0.0177809000,705,0.0165110000,706,0.0245853000,707,-0.0078759100,708,-0.0322830000,709,-0.0310543000,710,-0.0118727000,711,-0.0062640500,712,0.0191269000,713,-0.0288384000,714,-0.0009247090,715,-0.0160918000,716,-0.0218954000,717,-0.0382211000,718,-0.0202547000,719,0.0256943000,720,0.0089764700,721,0.0091420900,722,0.0286320000,723,-0.0057139000,724,0.0344124000,725,0.0145634000,726,0.0243745000,727,0.0324275000,728,-0.0041795800,729,0.0181517000,730,-0.0326501000,731,0.0204203000,732,0.0208671000,733,-0.0146731000,734,-0.0322250000,735,0.0068010800,736,-0.0226569000,737,0.0237428000,738,-0.0085297500,739,0.0000917741,740,-0.0073288900,741,0.0045370900,742,-0.0066288100,743,-0.0137047000,744,-0.0019369300,745,0.0211229000,746,0.0104966000,747,0.0266533000,748,0.0221950000,749,-0.0160400000,750,-0.0085601500,751,0.0273579000,752,-0.0092771600,753,0.0270907000,754,-0.0012139800,755,0.0341464000,756,0.0114545000,757,0.0031982000,758,0.0086338200,759,0.0312640000,760,0.0097620200,761,-0.0079410000,762,0.0134222000,763,-0.0263426000,764,0.0229805000,765,0.0310494000,766,0.0188727000,767,-0.0220441000,768,0.0143161000,769,0.0245179000,770,-0.0311434000,771,-0.0128697000,772,-0.0326256000,773,0.0048404600,774,0.0012203600,775,0.0002343060,776,0.0159040000,777,0.0169084000,778,-0.0240408000,779,0.0012208400,780,-0.0087037000,781,-0.0147144000,782,-0.0266668000,783,-0.0125385000
9,0,0.3562500000,793,-1.0000000000,0,0.0318332000,1,-0.0258088000,2,-0.0049022800,3,-0.0200177000,4,0.0236201000,5,-0.0164143000,6,-0.0218518000,7,0.0251444000,8,0.0141572000,9,-0.0351896000,10,0.0325051000,11,0.0234241000,12,0.0187942000,13,0.0055931600,14,-0.0144245000,15,-0.0138791000,16,-0.0162326000,17,-0.0337064000,18,0.0045942500,19,-0.0064305500,20,-0.0051581300,21,0.0130510000,22,0.0186675000,23,-0.0093215300,24,0.0089710800,25,0.0301881000,26,0.0222269000,27,0.0277105000,28,0.0217819000,29,0.0315346000,30,-0.0323297000,31,-0.0347765000,32,0.0094383900,33,0.0092521100,34,0.0070376300,35,-0.0607047000,36,-0.1004340000,37,-0.0918513000,38,-0.1051280000,39,-0.0201401000,40,-0.0276693000,41,-0.1351140000,42,0.2632100000,43,0.1937410000,44,0.0024312100,45,-0.2802720000,46,-0.1653540000,47,-0.0654360000,48,-0.0167979000,49,0.0194361000,50,0.0325084000,51,-0.0228112000,52,-0.0092019500,53,0.0191417000,54,0.0245859000,55,-0.0114212000,56,-0.0078160000,57,-0.0108186000,58,-0.0054280300,59,0.0207338000,60,-0.0356914000,61,0.0116078000,62,0.0203630000,63,-0.0927705000,64,-0.0888989000,65,-0.1316320000,66,-0.1387430000,67,-0.1943050000,68,-0.1018170000,69,0.1037620000,70,-0.0294688000,71,0.0937876000,72,0.0608328000,73,-0.3330830000,74,-0.8126760000,75,-0.7500100000,76,-0.4958380000,77,-0.3422140000,78,-0.1606180000,79,-0.0419528000,80,-0.0486556000,81,-0.0652111000,82,-0.0223185000,83,0.0064891400,84,0.0234343000,85,-0.0173914000,86,0.2481350000,87,0.2652930000,88,0.0041991100,89,-0.2477340000,90,-0.0624107000,91,0.1038040000,92,-0.1413190000,93,-0.2878840000,94,-0.4636890000,95,-0.5095280000,96,-0.1635500000,97,-0.1278230000,98,-0.4253500000,99,-0.2525930000,100,-0.3043320000,101,-0.2292650000,102,-0.1405380000,103,-0.2763350000,104,-0.4319630000,105,-0.2114750000,106,-0.0505364000,107,-0.4655040000,108,-0.2274530000,109,-0.1348320000,110,-0.0646320000,111,-0.0000792316,112,-0.0194615000,113,-0.0233001000,114,0.2262410000,115,0.2124810000,116,-0.0364089000,117,-0.3015240000,118,-0.1529610000,119,0.0012305100,120,-0.3581350000,121,-0.7930210000,122,-0.8797240000,123,-0.1838830000,124,-0.0743294000,125,0.1447580000,126,-0.0691010000,127,0.0452034000,128,-0.0218405000,129,-0.1087280000,130,-0.0138312000,131,-0.1707270000,132,-0.1268130000,133,-0.0480169000,134,-0.0061035600,135,-0.3274960000,136,-0.3900570000,137,-0.4687430000,138,-0.0721412000,139,-0.0526307000,140,-0.0163964000,141,-0.0234203000,142,0.2844320000,143,0.2831080000,144,0.0747114000,145,-0.2495070000,146,-0.2997030000,147,-0.1344920000,148,-0.8265010000,149,-1.1007700000,150,-0.3726290000,151,-0.1078820000,152,0.0493548000,153,0.0287108000,154,-0.0313713000,155,0.0747118000,156,-0.0589990000,157,-0.1337140000,158,-0.0847636000,159,-0.1043110000,160,-0.2932400000,161,-0.1948720000,162,-0.2684670000,163,-0.5676090000,164,-0.3566320000,165,-0.4203810000,166,-0.0915323000,167,-0.0452451000,168,-0.0169386000,169,-0.0027775300,170,0.1655500000,171,-0.1149390000,172,0.0781205000,173,-0.3854940000,174,-0.4903570000,175,-0.1019540000,176,-0.3347140000,177,-0.4696930000,178,-0.2050180000,179,-0.0782734000,180,0.0444589000,181,0.0453492000,182,0.0368423000,183,-0.1678140000,184,-0.1048890000,185,-0.0936133000,186,0.0933392000,187,-0.2409270000,188,-0.1686820000,189,-0.1633130000,190,-0.4842110000,191,-0.4990770000,192,-0.3668070000,193,-0.4341930000,194,-0.1434070000,195,-0.0206845000,196,0.0184783000,197,-0.2476740000,198,0.0948302000,199,-0.2705160000,200,0.0340745000,201,-0.3146520000,202,-0.5433630000,203,-0.0431000000,204,-0.2745420000,205,-0.3362440000,206,-0.1360590000,207,0.0438679000,208,0.2400480000,209,0.1244150000,210,0.1003370000,211,-0.0232293000,212,-0.0569221000,213,0.0085869100,214,0.0683033000,215,-0.0996898000,216,-0.0885401000,217,-0.1325830000,218,-0.6409270000,219,-0.5310410000,220,-0.5662770000,221,-0.1768890000,222,-0.0059740100,223,0.0031734600,224,-0.1453100000,225,-0.4130660000,226,0.0382841000,227,0.0345618000,228,-0.1824220000,229,-0.1994790000,230,-0.2528070000,231,-0.3068030000,232,-0.3032960000,233,-0.2752150000,234,-0.0942159000,235,-0.1541140000,236,-0.0449501000,237,0.1123520000,238,0.2267950000,239,0.0983232000,240,0.0069043800,241,0.1097280000,242,-0.0236781000,243,-0.0927546000,244,-0.3134530000,245,-0.3879420000,246,-0.4394400000,247,-0.4984520000,248,-0.6839200000,249,-0.4570520000,250,-0.1056190000,251,-0.0423429000,252,-0.1236830000,253,-0.3559020000,254,-0.1613480000,255,0.1321690000,256,-0.3839500000,257,-0.0787558000,258,0.0013921500,259,-0.2116790000,260,-0.6327990000,261,-0.2766140000,262,-0.1436680000,263,-0.3261120000,264,-0.2097600000,265,0.1216180000,266,0.3256860000,267,0.3638620000,268,0.1909590000,269,-0.0006987220,270,-0.0447102000,271,-0.2804310000,272,-0.7122020000,273,-0.1136920000,274,-0.1376570000,275,-0.3848080000,276,-0.5631000000,277,-0.2860460000,278,-0.2456260000,279,-0.2393940000,280,-0.1505570000,281,-0.3150480000,282,-0.0207919000,283,-0.3448960000,284,-0.3130510000,285,-0.4027120000,286,-0.0520130000,287,-0.1663160000,288,-0.3075640000,289,-0.4483380000,290,-0.0807213000,291,-0.1935830000,292,-0.0946047000,293,0.1688160000,294,0.4420820000,295,0.3840750000,296,0.0924638000,297,0.0815882000,298,-0.1207460000,299,-0.2206120000,300,-0.2260430000,301,0.0031809600,302,-0.0549376000,303,-0.4179820000,304,-0.6996180000,305,-0.1751290000,306,0.0108843000,307,0.2091520000,308,-0.1602890000,309,0.1643610000,310,0.1904430000,311,-0.0577273000,312,-0.0508923000,313,0.1558200000,314,0.0987416000,315,-0.2193250000,316,-0.4357560000,317,-0.0102089000,318,0.1650730000,319,0.0623165000,320,-0.1059950000,321,0.1505950000,322,0.3040380000,323,0.2134880000,324,0.0790217000,325,0.0177106000,326,-0.0209136000,327,-0.3973420000,328,-0.1662810000,329,0.0383729000,330,-0.0757543000,331,-0.2811220000,332,-0.2754260000,333,-0.1626060000,334,0.0388742000,335,0.2047100000,336,-0.0299130000,337,-0.0132742000,338,-0.1616300000,339,0.0629503000,340,0.0038040800,341,0.1074620000,342,0.1488380000,343,-0.0849781000,344,-0.0120985000,345,0.2061880000,346,0.0781656000,347,0.0351367000,348,0.0057137500,349,-0.0288427000,350,0.1710160000,351,0.0670424000,352,-0.0717909000,353,-0.0122058000,354,-0.0159516000,355,-0.6404810000,356,-0.1678960000,357,0.0507141000,358,0.0622653000,359,-0.2125650000,360,-0.3740870000,361,-0.1602300000,362,-0.2271900000,363,-0.0807631000,364,0.2253150000,365,0.0126612000,366,-0.2476440000,367,0.1590440000,368,0.0137294000,369,-0.0183581000,370,0.1247240000,371,0.0544971000,372,0.1876270000,373,0.1645780000,374,0.0066059100,375,0.0381409000,376,-0.1129370000,377,-0.1329340000,378,0.1617370000,379,-0.0198454000,380,-0.0278734000,381,0.1254180000,382,-0.0078776900,383,-0.2862430000,384,-0.2274540000,385,0.0989017000,386,-0.0466547000,387,-0.3157850000,388,-0.4158680000,389,-0.2181610000,390,-0.2503390000,391,-0.0112733000,392,0.0241582000,393,-0.0162715000,394,0.0351651000,395,0.1809520000,396,0.0520332000,397,-0.2808220000,398,-0.1675970000,399,-0.2496070000,400,0.1641160000,401,0.0188730000,402,0.0039128700,403,-0.2530690000,404,-0.2473480000,405,0.0392419000,406,0.0994713000,407,-0.1144290000,408,-0.0731865000,409,-0.0163366000,410,0.0283436000,411,-0.0444812000,412,0.0789710000,413,0.2864320000,414,0.0970646000,415,0.0316541000,416,0.0666258000,417,0.0796212000,418,0.0353289000,419,0.0085852000,420,0.0332151000,421,-0.0063509100,422,0.2242970000,423,-0.0462430000,424,0.0608929000,425,-0.3579110000,426,-0.4665940000,427,-0.3553700000,428,-0.2219570000,429,-0.2656830000,430,-0.1963150000,431,-0.2330700000,432,0.0331095000,433,0.1522060000,434,0.0734844000,435,-0.2328780000,436,-0.0750130000,437,0.0493850000,438,-0.0398002000,439,-0.6415320000,440,-0.3628910000,441,0.1490800000,442,-0.0690995000,443,-0.0199518000,444,-0.0463867000,445,-0.0489223000,446,-0.0965609000,447,-0.0765273000,448,-0.0090716500,449,0.1059650000,450,0.2380540000,451,-0.0087079800,452,-0.0287268000,453,0.0416022000,454,0.0380770000,455,-0.1671760000,456,-0.4001350000,457,-0.0000561811,458,-0.2016570000,459,-0.1099250000,460,0.1041040000,461,0.2412110000,462,0.0478394000,463,-0.3011190000,464,-0.0771586000,465,-0.0812881000,466,-0.1920030000,467,-0.5622720000,468,-0.0191429000,469,0.1856320000,470,0.0585545000,471,-0.1242530000,472,-0.1221140000,473,-0.5757820000,474,-0.1225370000,475,-0.0562246000,476,0.0010421700,477,0.1722930000,478,0.1242270000,479,-0.1204840000,480,-0.2048050000,481,0.0452248000,482,-0.0564160000,483,-0.1821480000,484,-0.3461620000,485,-0.1382170000,486,-0.1287880000,487,-0.1151460000,488,0.1823540000,489,0.2675290000,490,0.1782980000,491,-0.2694010000,492,-0.1431930000,493,-0.2724500000,494,0.0331000000,495,0.2613120000,496,0.1974870000,497,0.0991945000,498,-0.0241877000,499,-0.2286010000,500,-0.2613040000,501,-0.3559970000,502,0.1351240000,503,0.0486931000,504,-0.2074220000,505,0.2064860000,506,-0.0105638000,507,-0.1252600000,508,-0.2220370000,509,-0.2637270000,510,-0.4276070000,511,-0.3238940000,512,-0.0369406000,513,0.0670815000,514,-0.1364180000,515,0.0734236000,516,0.1860150000,517,0.4445990000,518,0.2115260000,519,-0.1330110000,520,-0.1741470000,521,-0.1045430000,522,0.2948360000,523,0.4077650000,524,0.3090820000,525,0.1242200000,526,-0.5118590000,527,-0.7869740000,528,-0.6133830000,529,-0.0609034000,530,0.2172150000,531,0.1466460000,532,0.1107750000,533,-0.0107030000,534,0.0658706000,535,0.0551111000,536,0.0505495000,537,-0.0910653000,538,-0.0589865000,539,0.0601560000,540,0.0903587000,541,0.1278550000,542,-0.0615124000,543,0.1893010000,544,0.2859560000,545,0.4494540000,546,0.1845970000,547,-0.0574798000,548,-0.1046310000,549,-0.2588700000,550,-0.0129761000,551,-0.0096187700,552,-0.0780820000,553,-0.3113260000,554,-0.6134710000,555,-0.5778820000,556,-0.5147140000,557,-0.0536321000,558,0.1783980000,559,0.2300900000,560,-0.0164912000,561,-0.0152282000,562,0.0716027000,563,-0.1606990000,564,0.0090486500,565,0.0100076000,566,-0.0250481000,567,-0.0433275000,568,-0.0210611000,569,-0.0132847000,570,-0.0002662630,571,0.1912770000,572,0.2716330000,573,0.1812630000,574,0.0724782000,575,0.0059333500,576,-0.0158805000,577,-0.2078690000,578,-0.0108976000,579,-0.0703742000,580,-0.2138660000,581,-0.3729910000,582,-0.4770580000,583,-0.5144610000,584,-0.2956040000,585,-0.0061035500,586,0.1994680000,587,0.2223310000,588,0.2325270000,589,0.1294140000,590,-0.1880460000,591,-0.1438390000,592,-0.3721690000,593,-0.0364625000,594,0.0269787000,595,-0.0803082000,596,-0.1616150000,597,-0.1478920000,598,0.1399480000,599,0.0178032000,600,0.0696492000,601,-0.0011963700,602,-0.0098796400,603,-0.0100904000,604,-0.0041792100,605,-0.3073420000,606,0.0246646000,607,-0.1754440000,608,-0.2835670000,609,-0.5240120000,610,-0.6661830000,611,-0.4744660000,612,0.0482982000,613,-0.0280556000,614,0.2454860000,615,0.0163666000,616,0.2252250000,617,0.1707220000,618,-0.0331522000,619,-0.1221790000,620,-0.1725150000,621,-0.0164903000,622,0.0610696000,623,-0.2216740000,624,-0.3524880000,625,-0.2539620000,626,-0.0721706000,627,-0.0867760000,628,-0.0378950000,629,-0.0525447000,630,0.0442818000,631,0.0883076000,632,-0.0223382000,633,0.0253325000,634,0.0696565000,635,-0.1676560000,636,-0.4081620000,637,-0.6919180000,638,-0.6046790000,639,-0.2662230000,640,-0.0561386000,641,0.1980460000,642,0.3145600000,643,-0.0343334000,644,-0.0176460000,645,-0.0135569000,646,-0.0533374000,647,-0.1568140000,648,-0.3488990000,649,-0.0402022000,650,0.0597092000,651,-0.2185350000,652,-0.2746460000,653,0.0047185300,654,0.0269506000,655,0.0774384000,656,0.1360910000,657,0.0353428000,658,0.0970867000,659,0.1229450000,660,0.0373525000,661,0.3770750000,662,-0.1768740000,663,-0.3316780000,664,-0.4679340000,665,-0.5988090000,666,-0.3073640000,667,-0.1012050000,668,0.1997310000,669,0.2849410000,670,0.2892120000,671,0.0130335000,672,0.0051090800,673,0.0048976000,674,-0.0203963000,675,-0.1062130000,676,-0.3137380000,677,-0.3123490000,678,-0.1733330000,679,-0.2821780000,680,-0.4047440000,681,-0.3222130000,682,-0.1838440000,683,-0.1464560000,684,-0.2168680000,685,-0.3672960000,686,-0.0764680000,687,0.0086335300,688,-0.5744670000,689,0.0282473000,690,-0.0257516000,691,0.1654310000,692,0.1579200000,693,0.1250740000,694,-0.0752512000,695,0.1540380000,696,-0.0913133000,697,0.2545190000,698,0.2372390000,699,0.0227803000,700,0.0028199900,701,-0.0351220000,702,0.0241277000,703,-0.0308151000,704,-0.1044850000,705,-0.2254810000,706,-0.3497550000,707,-0.9135780000,708,-0.3496930000,709,-0.3136020000,710,-0.5392150000,711,-0.7525470000,712,-0.2054440000,713,-0.1585140000,714,-0.0767304000,715,-0.4433010000,716,-0.5135980000,717,-0.3659500000,718,-0.3898810000,719,-0.3016270000,720,-0.2325510000,721,-0.0348736000,722,-0.0354777000,723,-0.0301078000,724,0.0022672000,725,0.0101285000,726,0.0263311000,727,0.0261428000,728,0.0205222000,729,-0.0105788000,730,-0.0257200000,731,-0.0300382000,732,-0.0676481000,733,-0.0599974000,734,-0.0634690000,735,-0.1665820000,736,-0.4768370000,737,-0.6502120000,738,-0.4550370000,739,-0.6683040000,740,-0.8476620000,741,-1.0958500000,742,-0.5253150000,743,-0.1597420000,744,-0.1741020000,745,-0.3873200000,746,-0.2554060000,747,-0.2589790000,748,-0.0974866000,749,-0.0573882000,750,-0.0970084000,751,-0.0987095000,752,-0.0085909700,753,-0.0222318000,754,0.0306267000,755,-0.0254119000,756,-0.0234116000,757,0.0208660000,758,-0.0033806800,759,0.0233877000,760,-0.0289532000,761,-0.0318776000,762,-0.0135526000,763,-0.0311840000,764,0.0102246000,765,0.0213162000,766,-0.0815506000,767,-0.2218340000,768,-0.2229010000,769,-0.1318850000,770,-0.2433890000,771,-0.0100619000,772,-0.0014802400,773,-0.2502700000,774,-0.2539890000,775,-0.2543530000,776,-0.0273992000,777,-0.0101988000,778,-0.0020750900,779,-0.0307560000,780,-0.0026916100,781,0.0297616000,782,0.0253023000,783,-0.0324153000
10,0,0.3659780000,794,-1.0000000000,0,-0.0107512000,1,0.0283977000,2,0.0061947300,3,-0.0050351400,4,-0.0210654000,5,0.0293172000,6,-0.0356893000,7,-0.0255446000,8,0.0274620000,9,-0.0028261200,10,0.0289664000,11,0.0300157000,12,-0.0142552000,13,0.0236405000,14,-0.0109710000,15,-0.0147077000,16,0.0194961000,17,-0.0187407000,18,0.0283141000,19,0.0324327000,20,0.0251880000,21,-0.0069390300,22,0.0076512800,23,0.0215880000,24,-0.0079631500,25,0.0310287000,26,0.0095527100,27,0.0126172000,28,0.0268580000,29,-0.0175437000,30,-0.0266698000,31,-0.0294607000,32,-0.0011528300,33,0.0195661000,34,-0.0167002000,35,-0.0065302400,36,-0.0190221000,37,-0.0339320000,38,-0.0251674000,39,-0.0218341000,40,0.0134409000,41,-0.0057014700,42,0.1029280000,43,0.0467062000,44,-0.0684983000,45,-0.1119060000,46,-0.0187726000,47,0.0132610000,48,-0.0199352000,49,0.0034697300,50,0.0201071000,51,-0.0102396000,52,-0.0259168000,53,-0.0253306000,54,-0.0342804000,55,-0.0242602000,56,-0.0102002000,57,0.0342565000,58,0.0245445000,59,-0.0004215710,60,0.0109858000,61,-0.0378705000,62,-0.0150539000,63,-0.0247175000,64,-0.0887393000,65,-0.0968608000,66,-0.1701660000,67,-0.1336150000,68,-0.0297339000,69,-0.1362240000,70,-0.3387280000,71,-0.3306880000,72,-0.2234760000,73,-0.3222970000,74,-0.4859950000,75,-0.2178250000,76,-0.1020530000,77,-0.0585429000,78,-0.0765520000,79,-0.0738101000,80,-0.0098075300,81,-0.0382277000,82,0.0265812000,83,0.0153950000,84,0.0287429000,85,-0.0127583000,86,0.2558440000,87,0.2331440000,88,0.0124775000,89,-0.2724180000,90,-0.0357809000,91,0.1069090000,92,-0.1717190000,93,-0.3036440000,94,-0.5325760000,95,-0.3468990000,96,-0.2109810000,97,-0.2530600000,98,-0.6481740000,99,-0.5518570000,100,-0.4672300000,101,-0.6727270000,102,-0.6760250000,103,-0.2171790000,104,-0.1574720000,105,-0.2238140000,106,-0.1556630000,107,-0.1280090000,108,-0.0943168000,109,-0.1154890000,110,-0.0730497000,111,0.0164574000,112,-0.0274291000,113,-0.0232171000,114,0.2547540000,115,0.2462750000,116,-0.0315784000,117,-0.2984680000,118,-0.3011320000,119,0.1763180000,120,-0.0248355000,121,-0.1487310000,122,-0.1104140000,123,-0.0480058000,124,-0.1557770000,125,0.0489869000,126,-0.1667830000,127,0.0171485000,128,-0.0492182000,129,-0.1941180000,130,-0.2558230000,131,-0.3869890000,132,-0.3956540000,133,-0.2973810000,134,-0.2535310000,135,-0.2322870000,136,-0.1380070000,137,-0.2115590000,138,-0.0918389000,139,-0.0289294000,140,-0.0091117600,141,0.0323996000,142,0.2130860000,143,0.2012410000,144,0.0431360000,145,-0.3726710000,146,-0.3254820000,147,-0.1668380000,148,-0.7504290000,149,-0.6932690000,150,-0.1242270000,151,-0.0436791000,152,0.0073543600,153,0.0179275000,154,-0.0053358600,155,0.1651020000,156,-0.0260035000,157,-0.1465520000,158,-0.1172370000,159,-0.1990400000,160,-0.5038680000,161,-0.4416730000,162,-0.2214160000,163,-0.1745850000,164,-0.1451120000,165,-0.2521640000,166,-0.1151260000,167,-0.0834007000,168,-0.0188760000,169,-0.0496212000,170,-0.0555656000,171,0.0248958000,172,0.0722161000,173,-0.3891430000,174,-0.5315570000,175,-0.5519440000,176,-0.6373470000,177,-0.6678300000,178,-0.0941488000,179,0.0718826000,180,0.0668285000,181,0.0504181000,182,-0.0297364000,183,-0.1043120000,184,-0.0139451000,185,-0.1023310000,186,0.0340877000,187,-0.3284220000,188,-0.4610590000,189,-0.1932890000,190,-0.2100180000,191,-0.0240989000,192,-0.1985330000,193,-0.2937010000,194,-0.1352020000,195,-0.0379746000,196,-0.0302875000,197,-0.0812027000,198,-0.0667240000,199,0.0707826000,200,0.0843363000,201,-0.2626310000,202,-0.5526710000,203,-0.3262350000,204,-0.5313010000,205,-0.3453150000,206,0.0704152000,207,0.1439340000,208,0.2235220000,209,0.0322455000,210,0.0044199300,211,-0.0126103000,212,-0.0336189000,213,-0.1678230000,214,-0.0468331000,215,-0.1407900000,216,-0.2469840000,217,-0.2671340000,218,-0.2732180000,219,-0.1733990000,220,-0.3675820000,221,-0.3433280000,222,-0.2606110000,223,-0.2174470000,224,0.0108406000,225,-0.3053360000,226,-0.0688342000,227,0.0492566000,228,-0.0689766000,229,-0.0630173000,230,-0.3346340000,231,-0.4807080000,232,-0.3982230000,233,-0.2121490000,234,0.0620516000,235,0.0059333600,236,0.1273080000,237,0.1585160000,238,0.1977730000,239,0.0520059000,240,-0.0886047000,241,-0.0030567300,242,-0.1275670000,243,-0.1566520000,244,-0.3512660000,245,-0.1393240000,246,0.0423977000,247,-0.1062980000,248,-0.3875530000,249,-0.3899220000,250,-0.1698240000,251,-0.1492630000,252,-0.2684450000,253,-0.3261030000,254,-0.1993890000,255,-0.0127037000,256,-0.0339290000,257,-0.1310490000,258,-0.2289450000,259,-0.4256760000,260,-0.4083760000,261,-0.3487810000,262,-0.0394444000,263,0.0066661800,264,0.0107377000,265,0.2949070000,266,0.3059130000,267,0.2033980000,268,0.0126994000,269,-0.0887611000,270,-0.1112890000,271,-0.3392610000,272,-0.2724360000,273,-0.1205590000,274,0.0759024000,275,-0.0704325000,276,-0.3133370000,277,-0.0545553000,278,-0.0729081000,279,-0.1953820000,280,-0.2096580000,281,-0.2714100000,282,-0.0418210000,283,-0.0405412000,284,-0.0258976000,285,-0.1555360000,286,-0.2403120000,287,-0.5471540000,288,-0.4671450000,289,-0.5726280000,290,-0.1991440000,291,0.0664817000,292,0.0823029000,293,0.2692420000,294,0.2908950000,295,0.2496400000,296,0.0446495000,297,0.0193644000,298,-0.0912312000,299,-0.3006360000,300,-0.6312840000,301,-0.4281690000,302,0.1081900000,303,0.0102539000,304,-0.3614150000,305,0.0093849600,306,0.1325120000,307,0.1406090000,308,-0.2469670000,309,0.0651479000,310,0.0512687000,311,-0.0564481000,312,0.0634090000,313,0.0632309000,314,-0.1161390000,315,-0.3365890000,316,-0.5023050000,317,-0.4074660000,318,-0.0930348000,319,0.0197028000,320,0.0534228000,321,0.2522120000,322,0.2328070000,323,0.0515396000,324,0.0394512000,325,0.0522459000,326,-0.0728570000,327,-0.6459140000,328,-0.4300430000,329,-0.1679370000,330,0.1741140000,331,0.0419175000,332,-0.1364110000,333,0.0697548000,334,0.1126220000,335,0.1757490000,336,-0.0284529000,337,0.0003775400,338,-0.1087390000,339,-0.0339020000,340,0.1761270000,341,0.0032633300,342,-0.1374750000,343,-0.3132740000,344,-0.1158010000,345,0.0332765000,346,0.0067911800,347,-0.0205738000,348,0.1635260000,349,0.1747630000,350,0.0780381000,351,-0.0071782600,352,-0.0711739000,353,0.0383182000,354,0.0385293000,355,-0.8937030000,356,-0.2693540000,357,-0.2387490000,358,-0.2743640000,359,-0.2972190000,360,-0.2961610000,361,-0.0474277000,362,-0.0708156000,363,0.0242873000,364,0.2031180000,365,0.0213225000,366,-0.0722771000,367,0.0471058000,368,0.1292900000,369,-0.0913249000,370,-0.0245703000,371,-0.1374160000,372,0.1684740000,373,0.1896670000,374,-0.0526457000,375,0.0250055000,376,0.0229224000,377,-0.0450790000,378,-0.0055180800,379,0.0544530000,380,-0.0067591000,381,0.2205060000,382,0.1224870000,383,-0.2801030000,384,-0.5979310000,385,-0.4813150000,386,-0.2251590000,387,-0.2788580000,388,-0.3939150000,389,0.0610117000,390,0.0086769200,391,0.0303887000,392,-0.0305976000,393,-0.0172932000,394,-0.0600150000,395,0.0559862000,396,0.0983897000,397,-0.1965700000,398,-0.2702190000,399,-0.1745750000,400,0.2100080000,401,0.1753020000,402,0.0928260000,403,-0.1328350000,404,-0.1220280000,405,-0.0033052100,406,0.0716437000,407,0.0157655000,408,-0.0411923000,409,0.0837261000,410,0.0760487000,411,-0.0234473000,412,-0.0572193000,413,0.0967032000,414,0.0568537000,415,-0.1066220000,416,0.0127062000,417,0.2224790000,418,0.1938150000,419,-0.0330769000,420,0.0157934000,421,-0.0061989200,422,0.0908705000,423,0.0416470000,424,0.1119550000,425,-0.1568380000,426,-0.6332230000,427,-0.2728390000,428,0.0450281000,429,0.0521881000,430,-0.0207665000,431,-0.0151807000,432,0.0409694000,433,0.1073540000,434,0.0656752000,435,-0.0936820000,436,-0.0094906800,437,0.1062570000,438,0.0125224000,439,-0.4244560000,440,-0.0995200000,441,0.1416460000,442,-0.1430190000,443,-0.1323290000,444,-0.0638424000,445,0.1730400000,446,0.1939180000,447,0.0100706000,448,0.0278779000,449,0.0338646000,450,0.0545074000,451,-0.0463572000,452,0.0792731000,453,-0.0423907000,454,-0.1155010000,455,-0.4732570000,456,-0.2307470000,457,0.1178620000,458,0.0474189000,459,0.0055846600,460,-0.0103435000,461,0.1190750000,462,0.1851710000,463,-0.0826715000,464,-0.0133062000,465,-0.0373567000,466,-0.1521420000,467,-0.5357030000,468,-0.2155170000,469,-0.1933280000,470,-0.1773170000,471,-0.3786460000,472,-0.1502980000,473,-0.0940425000,474,0.1711590000,475,-0.0221678000,476,0.0008550750,477,0.1067030000,478,-0.0110145000,479,-0.0416779000,480,-0.0299788000,481,-0.0005008540,482,-0.2201130000,483,-0.3325890000,484,-0.1086640000,485,0.0160120000,486,-0.0215267000,487,-0.1381150000,488,-0.0306198000,489,0.1900180000,490,0.2281370000,491,0.0124518000,492,-0.0220414000,493,-0.2715490000,494,-0.2591660000,495,-0.3331520000,496,-0.1003140000,497,-0.4400660000,498,-0.1679120000,499,-0.3837900000,500,-0.2420820000,501,0.1075570000,502,0.1517530000,503,0.0155597000,504,-0.1635490000,505,0.1089830000,506,-0.0366480000,507,-0.0811865000,508,-0.1228560000,509,-0.0987980000,510,-0.2382310000,511,-0.1196320000,512,-0.3148430000,513,0.0674212000,514,-0.1626610000,515,-0.1535700000,516,-0.0559715000,517,0.1912500000,518,0.1933280000,519,0.0829328000,520,-0.1502320000,521,-0.2435450000,522,-0.1424740000,523,-0.2131220000,524,-0.1128310000,525,-0.2853590000,526,-0.2583130000,527,-0.3908970000,528,-0.2237680000,529,0.0879569000,530,0.2127550000,531,0.1710860000,532,0.0743644000,533,-0.2703370000,534,0.0815920000,535,0.0246349000,536,-0.1607080000,537,-0.2827250000,538,-0.4010150000,539,-0.4457190000,540,-0.6542390000,541,0.0137932000,542,-0.2157090000,543,-0.1343860000,544,-0.1345130000,545,0.2829980000,546,0.2229280000,547,0.1324690000,548,-0.0146583000,549,-0.2223060000,550,-0.1205890000,551,-0.2057930000,552,-0.1857670000,553,-0.2238950000,554,-0.4562790000,555,-0.3282480000,556,-0.1200030000,557,0.0822026000,558,0.1543080000,559,0.2310260000,560,0.0332231000,561,-0.0888799000,562,0.0702941000,563,-0.0088099700,564,-0.1855690000,565,-0.3057420000,566,-0.3031160000,567,-0.5284440000,568,-0.5977210000,569,-0.1022530000,570,-0.2098780000,571,-0.0841609000,572,0.0568176000,573,0.1151480000,574,0.0803684000,575,0.0972383000,576,0.0276127000,577,-0.0124685000,578,0.1134370000,579,-0.2337610000,580,-0.2841150000,581,-0.1586160000,582,-0.4624470000,583,-0.3871460000,584,-0.1636270000,585,0.1370250000,586,0.1622670000,587,0.0371220000,588,0.2401810000,589,0.2159450000,590,-0.0302398000,591,-0.0657391000,592,-0.1017110000,593,-0.0519353000,594,-0.1069110000,595,-0.5674700000,596,-0.3708210000,597,-0.3106140000,598,-0.0512082000,599,-0.2278930000,600,-0.0048640400,601,0.0071870200,602,0.0285330000,603,0.0644833000,604,0.1219930000,605,-0.0623423000,606,0.2032460000,607,-0.0530489000,608,-0.2339040000,609,-0.5418590000,610,-0.7197740000,611,-0.4993750000,612,-0.0852841000,613,0.1043910000,614,0.2215040000,615,-0.0174678000,616,0.2007350000,617,0.2209730000,618,-0.0615355000,619,-0.0408166000,620,-0.0648584000,621,0.0279510000,622,-0.0814973000,623,-0.2784190000,624,-0.1618480000,625,-0.1183710000,626,0.0665620000,627,-0.0286928000,628,0.0516213000,629,-0.0164922000,630,-0.0776885000,631,0.1376750000,632,0.0940532000,633,0.2147020000,634,0.3275160000,635,0.0859865000,636,-0.1087830000,637,-0.3526720000,638,-0.8229240000,639,-0.3920900000,640,-0.1112850000,641,0.1853330000,642,0.2361800000,643,0.0133980000,644,-0.0075374200,645,-0.0263103000,646,-0.0425175000,647,-0.1293270000,648,-0.0962107000,649,-0.0634587000,650,0.2202210000,651,-0.0691757000,652,-0.3264640000,653,0.0040162700,654,-0.0893629000,655,-0.0125791000,656,0.1228840000,657,-0.0946903000,658,0.0315568000,659,0.2243910000,660,0.1733500000,661,0.4610180000,662,0.1036550000,663,-0.0151355000,664,-0.2490790000,665,-0.3351840000,666,-0.3461120000,667,-0.2389660000,668,-0.0167032000,669,0.0506118000,670,0.2112730000,671,0.0178352000,672,0.0018155600,673,0.0066671800,674,-0.0406894000,675,-0.1054230000,676,-0.0949405000,677,-0.1504820000,678,0.1074750000,679,0.0207287000,680,-0.3216520000,681,-0.2686080000,682,-0.1752160000,683,-0.2766230000,684,-0.2681730000,685,-0.4793450000,686,-0.1702200000,687,0.0350175000,688,-0.2516110000,689,0.1592980000,690,-0.0144094000,691,0.0688283000,692,-0.3248090000,693,-0.3307870000,694,-0.2656820000,695,0.1504060000,696,-0.0054080600,697,0.2303090000,698,0.2066720000,699,-0.0275467000,700,-0.0355955000,701,0.0270346000,702,0.0146695000,703,-0.0408084000,704,-0.0676280000,705,-0.1454050000,706,-0.1680120000,707,-0.5582580000,708,-0.5973900000,709,-0.6570950000,710,-1.0315800000,711,-1.2789500000,712,-0.3443030000,713,-0.3057200000,714,-0.1658540000,715,-0.3770100000,716,-0.6373380000,717,-0.7348460000,718,-0.7389920000,719,-0.5217490000,720,-0.3964970000,721,-0.1222280000,722,-0.0230130000,723,-0.0239620000,724,-0.0076096400,725,0.0196574000,726,-0.0200316000,727,-0.0115800000,728,0.0289716000,729,-0.0076301400,730,0.0136216000,731,-0.0310223000,732,-0.0174997000,733,-0.0664891000,734,-0.1226150000,735,-0.0979878000,736,-0.3054050000,737,-0.4390980000,738,-0.4337780000,739,-0.6835380000,740,-0.8848360000,741,-1.2094400000,742,-0.5876130000,743,-0.1873350000,744,-0.2197440000,745,-0.5296650000,746,-0.2808090000,747,-0.2004540000,748,-0.1585110000,749,-0.0957849000,750,-0.0535621000,751,0.0012410900,752,0.0023666700,753,-0.0244287000,754,0.0129439000,755,0.0149948000,756,0.0215889000,757,-0.0021872300,758,0.0052696100,759,0.0327116000,760,-0.0269971000,761,0.0315638000,762,0.0085289000,763,-0.0003317540,764,-0.1502920000,765,-0.1135730000,766,-0.0541423000,767,-0.2084140000,768,-0.2149300000,769,-0.2308210000,770,-0.4218300000,771,-0.0556693000,772,-0.0339803000,773,-0.1304770000,774,-0.1087540000,775,-0.1593960000,776,0.0250186000,777,0.0253043000,778,-0.0353848000,779,0.0347299000,780,0.0149544000,781,-0.0248590000,782,0.0089141400,783,-0.0217417000
11,0,0.1051950000,795,-1.0000000000,0,-0.0339230000,1,-0.0116924000,2,0.0318712000,3,-0.0241737000,4,0.0211406000,5,0.0117872000,6,-0.0201567000,7,-0.0103004000,8,0.0210381000,9,-0.0173818000,10,0.0163241000,11,0.0090177700,12,-0.0668150000,13,-0.0596246000,14,-0.0656384000,15,-0.0228865000,16,-0.0194381000,17,-0.0202538000,18,-0.0023106000,19,-0.0308445000,20,0.0245558000,21,0.0075115200,22,0.0302531000,23,-0.0288373000,24,0.0311301000,25,0.0333544000,26,0.0132010000,27,-0.0304477000,28,-0.0105805000,29,0.0099445200,30,-0.0120757000,31,-0.0077967800,32,-0.0010569800,33,-0.0016519600,34,-0.0148467000,35,0.0150677000,36,-0.0000473218,37,0.0086614900,38,0.0083165700,39,0.0196282000,40,-0.0085913800,41,-0.0294233000,42,-0.0073907800,43,0.0028276200,44,-0.3963520000,45,-0.5912160000,46,-0.2234560000,47,-0.0834778000,48,-0.1529990000,49,-0.1629660000,50,-0.0553604000,51,0.0124561000,52,0.0238689000,53,-0.0030381700,54,0.0297613000,55,0.0121424000,56,0.0089578800,57,-0.0054955000,58,-0.0336878000,59,0.0115528000,60,0.0144362000,61,0.0172043000,62,0.0226824000,63,-0.0338184000,64,-0.0370471000,65,-0.1169010000,66,0.1543460000,67,-0.0877252000,68,-0.2639820000,69,-0.4338140000,70,-0.4766950000,71,-0.3705590000,72,-0.6194370000,73,-0.6513490000,74,-0.6840580000,75,-0.7480020000,76,-0.6506130000,77,-0.6064110000,78,-0.3758000000,79,-0.3671380000,80,-0.2142500000,81,-0.0536960000,82,-0.0017496200,83,-0.0007837500,84,-0.0323437000,85,0.0135432000,86,0.0747525000,87,0.0472304000,88,0.0313790000,89,0.0322501000,90,-0.0566644000,91,0.1558900000,92,0.0249497000,93,0.0455032000,94,0.2147400000,95,-0.1509800000,96,-0.4624540000,97,-0.7215310000,98,-0.7380520000,99,-0.7313720000,100,-1.0907600000,101,-0.9205100000,102,-0.5383380000,103,-0.3786510000,104,-0.5587710000,105,-0.3380870000,106,-0.1180630000,107,-0.4955400000,108,-0.5180990000,109,-0.3287490000,110,-0.2418440000,111,0.0129075000,112,-0.0039978500,113,0.0182739000,114,0.0756031000,115,0.0758830000,116,0.2258720000,117,-0.0213312000,118,0.1729990000,119,0.1033470000,120,-0.0018138200,121,-0.2847390000,122,-0.4540390000,123,-0.5141970000,124,-0.6135760000,125,-0.8539370000,126,-0.4791070000,127,-0.0142617000,128,-0.1066750000,129,-0.3192780000,130,-0.4888600000,131,-0.3068860000,132,-0.1351850000,133,-0.1743490000,134,-0.0148234000,135,-0.2561810000,136,-0.5794850000,137,-0.7203780000,138,-0.4338540000,139,-0.3078520000,140,0.0269160000,141,-0.0030636100,142,0.1740170000,143,0.2844290000,144,0.3052360000,145,0.2235860000,146,-0.2015320000,147,-0.0171687000,148,-0.4555030000,149,-0.5898100000,150,-0.8500200000,151,-1.0413900000,152,-1.2969200000,153,-1.1555200000,154,-0.3520580000,155,0.0135280000,156,0.0140839000,157,-0.0686389000,158,-0.1365370000,159,-0.1970810000,160,0.0045702800,161,0.1452050000,162,0.3006640000,163,0.3209470000,164,-0.0174096000,165,-0.6946370000,166,-0.3806560000,167,-0.2875540000,168,0.0015192200,169,0.0247547000,170,0.2073110000,171,0.1817510000,172,0.4113040000,173,-0.2813560000,174,-0.3423280000,175,-0.0822941000,176,-0.1986850000,177,0.0239322000,178,-0.1496620000,179,-0.6459380000,180,-1.1074300000,181,-1.0390100000,182,-0.0840552000,183,-0.1240040000,184,-0.0823081000,185,-0.0961140000,186,0.0024070700,187,-0.0865217000,188,0.1671130000,189,0.0353186000,190,0.1249060000,191,0.0996657000,192,-0.0320589000,193,-1.0689900000,194,-0.1773230000,195,-0.1006260000,196,-0.0223984000,197,-0.2241490000,198,0.1251190000,199,-0.2097340000,200,0.1432990000,201,-0.2670630000,202,-0.4722360000,203,0.0058394300,204,-0.2594440000,205,-0.1484200000,206,-0.1469290000,207,-0.3294860000,208,-0.7123480000,209,-0.5190780000,210,-0.1437300000,211,-0.1814140000,212,-0.0180306000,213,0.1516540000,214,0.1295700000,215,0.0821682000,216,0.1491300000,217,0.0993308000,218,-0.0122995000,219,0.0959966000,220,-0.3504360000,221,-1.0764900000,222,-0.1893370000,223,-0.1543390000,224,0.0217707000,225,-0.2665980000,226,0.0861679000,227,-0.0620832000,228,0.0127420000,229,-0.2580100000,230,-0.4384340000,231,-0.3365780000,232,-0.5809760000,233,-0.3355040000,234,-0.3878800000,235,-0.5515800000,236,-0.7209040000,237,-0.4752730000,238,-0.3735690000,239,0.0347708000,240,0.2562500000,241,0.3190170000,242,0.1051750000,243,0.1239860000,244,-0.0305069000,245,0.0060240800,246,-0.0651805000,247,-0.1338390000,248,-0.4667750000,249,-1.0435800000,250,-0.2839240000,251,-0.0673605000,252,0.0291019000,253,-0.2759590000,254,0.0031954700,255,0.1285530000,256,-0.0462626000,257,-0.3367370000,258,-0.4757660000,259,-0.6018210000,260,-0.3286170000,261,-0.6085260000,262,-1.2022900000,263,-1.5770800000,264,-0.8709450000,265,-0.5701350000,266,-0.4847730000,267,0.2633980000,268,0.5358210000,269,0.3639460000,270,0.1049830000,271,0.0090538300,272,-0.4083220000,273,-0.0697924000,274,-0.0777305000,275,-0.2359200000,276,-0.2939770000,277,-1.1112300000,278,-0.3812260000,279,-0.1848400000,280,-0.0020576200,281,-0.1849390000,282,-0.2810280000,283,-0.2137010000,284,0.1003870000,285,-0.0722245000,286,-0.3565820000,287,-0.4643270000,288,-0.5740290000,289,-0.3397600000,290,-0.3323710000,291,-0.4008200000,292,-0.4118740000,293,-0.5232730000,294,-0.1892070000,295,0.5774770000,296,0.6599250000,297,0.3500960000,298,0.1570910000,299,0.0486683000,300,-0.0718164000,301,-0.0339025000,302,-0.1466660000,303,-0.2179880000,304,-0.8911730000,305,-0.7167000000,306,-0.1128340000,307,0.1383640000,308,-0.0239456000,309,0.2069930000,310,-0.1718080000,311,-0.0383060000,312,0.2401680000,313,0.1790760000,314,-0.1810620000,315,-0.6059120000,316,-0.7512380000,317,-0.1635650000,318,-0.3751950000,319,-0.2424930000,320,-0.2681070000,321,-0.3391000000,322,0.0721229000,323,0.6586900000,324,0.4405480000,325,0.2621430000,326,0.2924940000,327,0.1734890000,328,0.0097141200,329,-0.0609892000,330,-0.4025170000,331,-0.9504990000,332,-0.8215030000,333,-0.5102230000,334,-0.0339635000,335,0.1057050000,336,-0.0279935000,337,-0.0200737000,338,-0.3693630000,339,0.1988090000,340,0.3038200000,341,-0.0058116600,342,-0.2145830000,343,-0.5542790000,344,-0.5686540000,345,-0.1531680000,346,-0.3824620000,347,-0.3057720000,348,-0.1950960000,349,-0.1733640000,350,0.3542690000,351,0.4736570000,352,0.2372720000,353,0.2273910000,354,0.1720370000,355,0.0976241000,356,-0.2167300000,357,-0.1420600000,358,-0.0763933000,359,-0.1722180000,360,-0.4028090000,361,-0.4442590000,362,-0.2843400000,363,-0.0601662000,364,0.2347710000,365,0.0100010000,366,-0.3005730000,367,0.2977070000,368,-0.0929749000,369,-0.3955550000,370,-0.4708060000,371,-0.0522372000,372,-0.4758420000,373,-0.3430210000,374,-0.3843460000,375,-0.0750194000,376,-0.0517058000,377,0.0972451000,378,0.3795410000,379,0.1781210000,380,0.1663930000,381,0.2049260000,382,0.0901309000,383,0.0127667000,384,-0.3872830000,385,-0.0328945000,386,-0.0747262000,387,-0.2695670000,388,-0.4679020000,389,-0.3228880000,390,-0.2499710000,391,-0.0231951000,392,-0.0201695000,393,-0.0316965000,394,0.1970610000,395,0.3446490000,396,0.0362327000,397,-0.6383450000,398,-0.5920070000,399,-0.1368780000,400,-0.4041720000,401,-0.2348950000,402,-0.3037410000,403,0.0655311000,404,0.0163762000,405,0.1808680000,406,0.2120510000,407,0.0303455000,408,0.1993200000,409,0.0660802000,410,-0.0127757000,411,-0.1110480000,412,-0.1512510000,413,0.2049790000,414,0.0451293000,415,-0.0143842000,416,0.0102733000,417,0.0713105000,418,-0.0235525000,419,0.0008478250,420,0.0257921000,421,0.0298216000,422,0.2675700000,423,0.2730630000,424,0.0282693000,425,-0.5020450000,426,-0.1141400000,427,0.1540510000,428,0.2122890000,429,0.1270410000,430,0.1112870000,431,0.0726848000,432,0.0673686000,433,0.2327310000,434,-0.0193870000,435,-0.0267724000,436,0.1166260000,437,-0.1183380000,438,-0.0603221000,439,-0.2130910000,440,-0.7247710000,441,0.1050580000,442,-0.0082720400,443,-0.1201980000,444,-0.1412980000,445,-0.1952830000,446,-0.1275140000,447,0.0232384000,448,-0.0253277000,449,0.1472310000,450,0.2907570000,451,-0.2219190000,452,-0.4429540000,453,-0.1148670000,454,0.0003250490,455,0.0725254000,456,0.1772350000,457,0.2480710000,458,0.0567133000,459,0.0965382000,460,0.2126520000,461,0.2054850000,462,-0.0724106000,463,-0.1030280000,464,-0.0159154000,465,-0.1879240000,466,-0.0643202000,467,-0.6103340000,468,-0.0893840000,469,0.2121220000,470,0.1479960000,471,0.2917970000,472,0.3315210000,473,-0.1299780000,474,-0.1055520000,475,-0.0101124000,476,0.0218072000,477,0.2226550000,478,0.0743738000,479,-0.2659350000,480,-0.2689320000,481,-0.1876040000,482,-0.1663190000,483,-0.0319323000,484,-0.1072880000,485,-0.1015650000,486,0.0202121000,487,0.2055580000,488,0.3519050000,489,0.1632720000,490,-0.1186100000,491,-0.2250850000,492,-0.0656734000,493,-0.0755635000,494,0.0235911000,495,0.1112150000,496,0.0593548000,497,0.1452710000,498,0.1141980000,499,0.2351560000,500,0.2217020000,501,0.1729130000,502,0.0615030000,503,-0.0525361000,504,0.0840999000,505,0.2306140000,506,-0.2876590000,507,-0.4427840000,508,-0.5513340000,509,-1.6346900000,510,-0.6518590000,511,-0.1911140000,512,-0.0809308000,513,0.1133950000,514,0.1617920000,515,0.4110500000,516,0.2943120000,517,0.0272055000,518,-0.2664030000,519,-0.3617070000,520,-0.2250970000,521,-0.0020273500,522,0.0553716000,523,0.1038500000,524,-0.0856725000,525,-0.0955865000,526,-0.4374600000,527,-0.0697875000,528,0.0747917000,529,0.2212010000,530,0.1511590000,531,0.1296550000,532,0.1929410000,533,-0.0791969000,534,-0.1479760000,535,-0.1881220000,536,-0.1897370000,537,-0.4423210000,538,0.0597255000,539,0.0049087600,540,0.1043890000,541,0.1442740000,542,0.1885800000,543,0.3152760000,544,0.1262910000,545,-0.0989190000,546,-0.4017490000,547,-0.4791590000,548,-0.1969140000,549,-0.2547910000,550,-0.5536070000,551,-0.2913950000,552,-0.2867970000,553,-0.2117220000,554,-0.4167370000,555,0.0056290000,556,0.1519240000,557,0.2515090000,558,0.1556480000,559,0.2368550000,560,0.0348841000,561,-0.2304640000,562,-0.2845240000,563,-0.6256100000,564,0.1385240000,565,0.0320017000,566,0.1806000000,567,0.1773850000,568,0.0846826000,569,-0.1301250000,570,0.0161659000,571,0.0930744000,572,-0.0063736300,573,-0.3811270000,574,-0.3864860000,575,-0.2816220000,576,-0.0707673000,577,-0.3286590000,578,-0.6926260000,579,-0.3988630000,580,-0.6733280000,581,-0.6304220000,582,-0.2133810000,583,0.2378430000,584,0.2106860000,585,0.3026420000,586,0.1821230000,587,0.2161820000,588,0.2629210000,589,0.2391910000,590,-0.2195720000,591,-0.3972150000,592,-0.5613130000,593,0.1282760000,594,-0.0824399000,595,-0.0575640000,596,-0.0467405000,597,-0.0452997000,598,0.0664450000,599,-0.0884265000,600,-0.1424020000,601,-0.2609210000,602,-0.1632310000,603,-0.2145300000,604,-0.2232950000,605,-0.5656420000,606,-0.6022730000,607,-0.5466240000,608,-0.5586310000,609,-0.4328940000,610,0.0320340000,611,0.2755530000,612,0.2705420000,613,0.2340380000,614,0.2553930000,615,0.0110825000,616,0.2154720000,617,0.2529430000,618,0.0979685000,619,-0.3278880000,620,-0.3377000000,621,0.3220180000,622,0.0508188000,623,-0.0345475000,624,-0.0226848000,625,0.0447784000,626,-0.1062930000,627,-0.1843260000,628,-0.2284310000,629,0.0666838000,630,0.0638780000,631,-0.1861790000,632,0.0303864000,633,-0.3609080000,634,-0.4688510000,635,-0.3943610000,636,-0.2041680000,637,-0.2672960000,638,0.0342759000,639,0.1619810000,640,0.2568180000,641,0.2597050000,642,0.2891070000,643,0.0030301900,644,0.0015754500,645,0.0333789000,646,-0.0256924000,647,-0.3395420000,648,-0.5553060000,649,0.2405620000,650,0.1141070000,651,-0.1539040000,652,-0.0727067000,653,0.0269766000,654,0.0073748200,655,0.0037157400,656,0.0736431000,657,0.2297270000,658,0.0896892000,659,0.0035498200,660,0.1710020000,661,-0.2519470000,662,-0.3389930000,663,-0.4120600000,664,-0.0806301000,665,0.1394370000,666,0.1732570000,667,0.1155150000,668,0.2063990000,669,0.2623460000,670,0.2668760000,671,0.0164579000,672,-0.0139585000,673,0.0050457700,674,-0.0362132000,675,-0.2957000000,676,-0.5864930000,677,-0.1658180000,678,-0.2931890000,679,-0.3182360000,680,-0.3100570000,681,-0.0611550000,682,-0.0912553000,683,-0.0788666000,684,0.0296050000,685,0.2880420000,686,0.3133980000,687,0.2629890000,688,-0.1394160000,689,-0.5591580000,690,-0.3454150000,691,-0.2958260000,692,-0.1016200000,693,0.1815360000,694,0.1797260000,695,0.2263820000,696,-0.0531038000,697,0.0037434200,698,0.0223357000,699,-0.0290097000,700,0.0079460300,701,-0.0130346000,702,0.0101631000,703,-0.2550320000,704,-0.4257350000,705,-0.6439030000,706,-0.6730250000,707,-0.7025750000,708,-0.1353020000,709,-0.0711504000,710,-0.3815920000,711,-0.3826660000,712,0.0941787000,713,0.0767169000,714,-0.2567870000,715,-0.8595360000,716,-0.5378130000,717,0.0034524800,718,-0.2258300000,719,-0.2200470000,720,-0.0131582000,721,-0.0250001000,722,-0.0402975000,723,-0.2547910000,724,-0.1900760000,725,-0.0327973000,726,-0.0318502000,727,-0.0159072000,728,0.0303268000,729,-0.0097209000,730,-0.0010032700,731,-0.0269922000,732,-0.0946290000,733,-0.2978080000,734,-0.4794320000,735,-0.4448480000,736,-0.4488380000,737,-0.4638450000,738,-0.2890260000,739,-0.4349240000,740,-0.4258810000,741,-0.4250820000,742,-0.4871600000,743,-0.4115350000,744,-0.1185810000,745,-0.2863050000,746,-0.2338180000,747,-0.2225630000,748,-0.0151038000,749,-0.0445462000,750,0.0151786000,751,0.0098094100,752,-0.0241936000,753,-0.0238906000,754,0.0237494000,755,-0.0237767000,756,-0.0060166000,757,0.0321207000,758,-0.0035300200,759,0.0315151000,760,-0.0358579000,761,-0.0236056000,762,-0.0184218000,763,-0.0420832000,764,-0.0174995000,765,0.0247094000,766,-0.1414120000,767,-0.1115250000,768,-0.1364690000,769,-0.1100410000,770,0.0005538800,771,-0.0263417000,772,0.0168036000,773,-0.2508670000,774,-0.2847660000,775,-0.2534170000,776,0.0090275100,777,0.0267328000,778,0.0116430000,779,0.0204431000,780,0.0159738000,781,0.0044553600,782,-0.0040302000,783,-0.0194614000
12,0,0.1800180000,796,-1.0000000000,0,0.0200608000,1,-0.0189152000,2,0.0171667000,3,0.0167837000,4,-0.0298663000,5,-0.0215415000,6,-0.0190781000,7,-0.0158736000,8,-0.0049661900,9,-0.0257248000,10,-0.0054924000,11,0.0242343000,12,0.0119696000,13,-0.0320111000,14,0.0346909000,15,0.0109687000,16,-0.0225494000,17,-0.0059502800,18,-0.0303688000,19,-0.0116885000,20,0.0179575000,21,0.0068977900,22,0.0226690000,23,0.0274020000,24,0.0137090000,25,0.0255238000,26,0.0214726000,27,-0.0058110400,28,-0.0129088000,29,-0.0120608000,30,-0.0113622000,31,-0.0182861000,32,-0.0241162000,33,0.0000882234,34,0.0055268300,35,-0.0407829000,36,-0.0489528000,37,-0.0025777100,38,-0.0222823000,39,-0.0094282000,40,-0.0086289400,41,-0.0186436000,42,0.1837060000,43,0.1201340000,44,0.0479427000,45,-0.0996261000,46,-0.0280671000,47,0.0278869000,48,0.0097253000,49,0.0166717000,50,0.0320264000,51,0.0339121000,52,0.0188572000,53,0.0085434200,54,0.0165694000,55,0.0200106000,56,-0.0147319000,57,0.0070929400,58,0.0276176000,59,0.0207460000,60,0.0011823900,61,0.0069858900,62,0.0105523000,63,-0.0297350000,64,-0.2992930000,65,-0.3179920000,66,-0.3188170000,67,-0.2459740000,68,-0.2653850000,69,0.0374735000,70,0.1507810000,71,0.3694720000,72,0.3793780000,73,-0.1557170000,74,-0.4506530000,75,-0.3636790000,76,-0.3291540000,77,-0.2693910000,78,-0.1855530000,79,-0.1574050000,80,-0.0140280000,81,0.0066883100,82,-0.0085586900,83,0.0059621700,84,-0.0173446000,85,0.0067959800,86,0.1537020000,87,0.1161810000,88,-0.1353810000,89,-0.3520520000,90,-0.3939970000,91,-0.3774550000,92,-0.6815270000,93,-0.3230080000,94,-0.4291600000,95,-0.5592730000,96,-0.2916980000,97,-0.0331610000,98,0.0664962000,99,0.1297920000,100,0.2266500000,101,0.0846391000,102,-0.0984993000,103,0.0712144000,104,-0.0037385500,105,0.1050590000,106,-0.0958195000,107,-0.1454030000,108,-0.2877420000,109,-0.0990040000,110,-0.0465322000,111,0.0135662000,112,-0.0300293000,113,-0.0069655500,114,0.1739480000,115,0.0702437000,116,-0.2843750000,117,-0.0897430000,118,-0.5715170000,119,-0.3077740000,120,0.0209820000,121,0.0649186000,122,-0.0234378000,123,-0.0156247000,124,-0.0868353000,125,-0.0766043000,126,-0.1199120000,127,0.0150434000,128,0.0439629000,129,-0.2074370000,130,-0.1108810000,131,0.0934803000,132,0.1680280000,133,0.2655770000,134,0.0098792500,135,-0.1447710000,136,-0.6432380000,137,-0.5281050000,138,-0.2133290000,139,-0.0380731000,140,-0.0165212000,141,-0.0241638000,142,0.0011876300,143,-0.1166910000,144,0.0037530300,145,-0.0465286000,146,0.1130410000,147,0.0853680000,148,-0.0513548000,149,0.0279378000,150,0.0808108000,151,-0.1349030000,152,-0.1875540000,153,-0.0757369000,154,-0.0793421000,155,-0.0011539800,156,-0.0819697000,157,-0.1613880000,158,-0.1100900000,159,0.0751003000,160,0.2167230000,161,0.1994200000,162,0.0009125680,163,-0.3193000000,164,-0.6671300000,165,-0.5326800000,166,-0.3877170000,167,-0.0762328000,168,-0.0136626000,169,-0.0814003000,170,-0.2911790000,171,-0.2085740000,172,-0.0374895000,173,-0.1882980000,174,-0.0663338000,175,-0.1392540000,176,0.0223045000,177,-0.0771542000,178,0.0722430000,179,0.0124174000,180,-0.1211270000,181,-0.1312120000,182,-0.1723400000,183,-0.1186900000,184,-0.0460318000,185,-0.1846030000,186,0.0139109000,187,0.0763322000,188,0.1260920000,189,0.0515238000,190,-0.1488570000,191,-0.6307980000,192,-0.7966620000,193,-0.6678060000,194,-0.2376430000,195,-0.0209720000,196,-0.0067359200,197,-0.1461910000,198,-0.2493270000,199,-0.1014160000,200,-0.5284450000,201,-0.4676850000,202,-0.3269040000,203,0.0545561000,204,-0.0886760000,205,-0.0154492000,206,0.1026660000,207,-0.0158241000,208,0.0521828000,209,-0.2175170000,210,-0.1374650000,211,-0.0485328000,212,-0.0094957100,213,-0.1265290000,214,-0.0781304000,215,0.0828105000,216,0.2186950000,217,0.1607990000,218,-0.2984380000,219,-0.7628120000,220,-0.8207810000,221,-0.6923030000,222,-0.3553250000,223,-0.2100050000,224,-0.0049991400,225,-0.2097490000,226,-0.2743570000,227,-0.0684126000,228,-0.4782710000,229,-0.7549710000,230,-0.0319131000,231,-0.0190805000,232,0.0553666000,233,0.0005697570,234,0.1343660000,235,-0.0222224000,236,0.0160432000,237,-0.0758256000,238,-0.0664247000,239,0.0054066400,240,-0.0429767000,241,-0.0980891000,242,-0.0647767000,243,0.0683547000,244,0.0940868000,245,0.0190759000,246,0.0370398000,247,-0.8720600000,248,-0.8372070000,249,-0.5530270000,250,-0.2316200000,251,-0.2632730000,252,-0.1868170000,253,-0.2846490000,254,-0.2773450000,255,-0.1414470000,256,-0.6814970000,257,-0.7095600000,258,-0.0475683000,259,0.0595484000,260,0.0879855000,261,0.0465385000,262,0.1158590000,263,0.1852360000,264,0.0740403000,265,0.0970709000,266,0.0065253300,267,0.0118734000,268,-0.1185670000,269,-0.1168130000,270,-0.1186250000,271,-0.0256337000,272,0.0174450000,273,-0.2288020000,274,-0.4738290000,275,-0.5602970000,276,-0.6310300000,277,-0.2775300000,278,-0.2273260000,279,-0.2100660000,280,-0.1902680000,281,-0.2156860000,282,-0.3651540000,283,-0.1690180000,284,-0.5247720000,285,-0.8099180000,286,-0.2382460000,287,-0.2883200000,288,-0.0212787000,289,-0.1162650000,290,0.0256929000,291,0.1579930000,292,0.2038950000,293,0.1726770000,294,0.0370838000,295,0.0093243300,296,-0.1242920000,297,0.0409006000,298,-0.1422330000,299,-0.0184546000,300,-0.4644530000,301,-0.5045320000,302,-0.2120710000,303,-0.3714240000,304,-0.4311950000,305,-0.2637210000,306,-0.1391750000,307,-0.0391263000,308,-0.1679610000,309,0.0195454000,310,-0.0592560000,311,-0.1702950000,312,-0.5254910000,313,-0.6618620000,314,-0.1991300000,315,-0.0617282000,316,-0.2141760000,317,-0.1338610000,318,0.0783812000,319,0.1165350000,320,0.1041460000,321,0.1574560000,322,-0.0775791000,323,-0.0644619000,324,-0.0027975600,325,0.1164170000,326,-0.1829330000,327,-0.2385340000,328,-0.2221980000,329,-0.3295790000,330,-0.2037500000,331,-0.2576620000,332,-0.2929850000,333,-0.2099530000,334,-0.1159760000,335,0.0847380000,336,0.0028603000,337,-0.0360181000,338,-0.1032020000,339,-0.1200920000,340,-0.4514670000,341,-0.4394630000,342,0.1330730000,343,0.1333830000,344,0.0725224000,345,0.0300533000,346,0.0626554000,347,0.0565311000,348,0.0610830000,349,0.0051266400,350,-0.0802140000,351,-0.0369212000,352,-0.0357542000,353,0.0015148300,354,-0.1334600000,355,-0.4660010000,356,-0.5063240000,357,-0.1618840000,358,-0.2721340000,359,-0.2219060000,360,-0.1138960000,361,-0.0267793000,362,-0.0464729000,363,0.0355671000,364,0.1179780000,365,0.0176222000,366,-0.1117880000,367,-0.1810900000,368,-0.5335430000,369,-0.1022210000,370,0.2309200000,371,0.2869750000,372,0.2054700000,373,0.1401550000,374,-0.0626874000,375,-0.0446528000,376,-0.0702182000,377,-0.3106400000,378,-0.0630732000,379,0.0765230000,380,0.0541851000,381,0.1103700000,382,-0.2544080000,383,-0.4275550000,384,-0.4374770000,385,-0.3868730000,386,-0.2417020000,387,-0.3212000000,388,-0.2766970000,389,-0.0377751000,390,-0.0759262000,391,0.0135665000,392,-0.1821570000,393,-0.0225659000,394,0.0067409000,395,-0.1052530000,396,-0.2015340000,397,0.2056150000,398,0.1700740000,399,-0.1504060000,400,0.2797510000,401,0.2144690000,402,0.0340329000,403,-0.3206400000,404,-0.2403660000,405,-0.1948010000,406,0.0620467000,407,0.1332300000,408,-0.0487167000,409,-0.0888174000,410,-0.2490810000,411,-0.3711140000,412,-0.4170660000,413,-0.2578060000,414,-0.2584900000,415,-0.3037130000,416,-0.0824662000,417,0.0530709000,418,0.0365653000,419,0.0012981200,420,-0.1632980000,421,0.0120626000,422,0.0275474000,423,0.0299223000,424,-0.0478836000,425,-0.3187040000,426,-0.8685000000,427,-0.2182980000,428,0.1433260000,429,0.1570120000,430,-0.0839516000,431,-0.2864990000,432,-0.2720670000,433,-0.0573493000,434,0.1389650000,435,0.1330020000,436,-0.0259691000,437,-0.1595180000,438,-0.3289180000,439,-1.1294200000,440,-0.9729200000,441,-0.1403180000,442,-0.3610320000,443,-0.3309170000,444,-0.3344770000,445,0.0220017000,446,0.0286456000,447,0.0060470600,448,-0.0708408000,449,0.0775581000,450,0.0170313000,451,-0.0872850000,452,-0.0497121000,453,-0.1921470000,454,-0.3679050000,455,-0.4499700000,456,-0.1727130000,457,-0.0907891000,458,-0.1389740000,459,-0.3611970000,460,-0.4110840000,461,-0.1466200000,462,0.2166620000,463,0.0898935000,464,-0.0166267000,465,-0.2021940000,466,-0.2738000000,467,-0.5142850000,468,-0.3562740000,469,-0.1594000000,470,-0.1917950000,471,-0.5157720000,472,-0.4055620000,473,-0.3678240000,474,-0.0497808000,475,-0.0496832000,476,0.0220433000,477,0.1107310000,478,-0.0602859000,479,-0.1936920000,480,-0.2573490000,481,-0.4210140000,482,-0.4730570000,483,-0.7855990000,484,-0.5483500000,485,-0.4492360000,486,-0.3315720000,487,-0.6997650000,488,-0.5457230000,489,-0.2504460000,490,0.1687360000,491,0.1880670000,492,0.0672414000,493,-0.2123410000,494,-0.1759330000,495,-0.1606750000,496,-0.2955850000,497,-0.1884730000,498,0.0533450000,499,-0.1549310000,500,-0.3680170000,501,-0.5292420000,502,-0.0074597100,503,0.0460807000,504,-0.1461410000,505,-0.1032940000,506,-0.1129590000,507,-0.2326980000,508,-0.5085490000,509,-0.6699980000,510,-0.7807530000,511,-0.8304630000,512,-0.6045140000,513,-0.5244660000,514,-0.8117250000,515,-0.7699320000,516,-0.6136050000,517,-0.1985180000,518,0.1211040000,519,0.2950080000,520,0.1371870000,521,0.0085283400,522,0.1076830000,523,0.0786191000,524,0.2284830000,525,0.0873219000,526,-0.1419700000,527,-0.4201520000,528,-0.4209820000,529,-0.2111840000,530,-0.0415875000,531,0.0537837000,532,0.0097451800,533,-0.2313250000,534,-0.2166300000,535,-0.4341190000,536,-0.7496870000,537,-1.2233100000,538,-0.5875220000,539,-0.2785760000,540,-0.3524380000,541,-0.2560210000,542,-0.5416570000,543,-0.4583710000,544,-0.4753670000,545,-0.1799550000,546,0.1177660000,547,0.3316930000,548,0.3308910000,549,0.1064980000,550,0.2052270000,551,0.1886390000,552,0.2201360000,553,-0.0274042000,554,-0.0267420000,555,0.1065490000,556,0.0679517000,557,0.0164626000,558,-0.0329918000,559,0.0723465000,560,0.0064714900,561,-0.2864920000,562,-0.4306300000,563,-0.0094486500,564,-0.4857380000,565,-0.5067720000,566,-0.1571100000,567,-0.1062160000,568,-0.0859585000,569,0.0421294000,570,-0.0708181000,571,-0.0887523000,572,-0.0984808000,573,-0.0693493000,574,0.0719704000,575,0.2009390000,576,0.2574670000,577,0.2859180000,578,0.4893360000,579,0.2607750000,580,0.0822797000,581,0.0550770000,582,-0.0515901000,583,-0.0139962000,584,0.1128130000,585,0.2512480000,586,0.0017034200,587,0.0416252000,588,0.1217540000,589,-0.0941680000,590,-0.4690380000,591,0.1228240000,592,0.1607070000,593,0.3673170000,594,0.4617780000,595,0.3269470000,596,0.1819440000,597,0.0476708000,598,0.0960410000,599,-0.0394345000,600,0.1153090000,601,0.1246260000,602,0.0400106000,603,0.2539170000,604,0.3580870000,605,0.3034380000,606,0.5130280000,607,0.1969560000,608,0.1245010000,609,0.1217510000,610,-0.2554920000,611,-0.0456578000,612,0.1907400000,613,0.1793510000,614,0.0168180000,615,0.0155837000,616,0.0929945000,617,0.0921617000,618,-0.4004390000,619,-0.0565784000,620,0.2237540000,621,0.5651110000,622,0.5036670000,623,0.2126150000,624,0.1939830000,625,0.0413571000,626,-0.0937093000,627,0.0013658100,628,0.0244641000,629,-0.0420075000,630,-0.0159244000,631,0.1540780000,632,0.1072360000,633,0.3406130000,634,0.3730240000,635,0.1556360000,636,0.2570840000,637,0.0996671000,638,-0.2951390000,639,-0.1004960000,640,0.1902130000,641,0.1914950000,642,0.0500512000,643,-0.0340235000,644,0.0237698000,645,-0.0231367000,646,-0.2562120000,647,-0.5018300000,648,-0.0777656000,649,-0.1730400000,650,0.0861090000,651,-0.1285540000,652,-0.2964390000,653,-0.1226070000,654,-0.1784580000,655,-0.2229520000,656,-0.0155130000,657,-0.1958340000,658,-0.1682910000,659,0.0051306200,660,-0.0633801000,661,0.1548940000,662,0.0247616000,663,0.1029320000,664,0.0266103000,665,-0.2454580000,666,-0.8277450000,667,-0.6963770000,668,-0.5376100000,669,-0.3193830000,670,0.0978582000,671,-0.0103575000,672,-0.0002430720,673,0.0071842600,674,-0.0108786000,675,-0.1843180000,676,-0.3027090000,677,-0.3682580000,678,-0.3301500000,679,-0.4065340000,680,-0.6833000000,681,-0.2117180000,682,-0.1910830000,683,-0.4578840000,684,-0.4847030000,685,-0.6475910000,686,-0.3326860000,687,-0.1928900000,688,-0.4955150000,689,0.0390411000,690,0.0117905000,691,0.0557489000,692,0.0545577000,693,-0.1352370000,694,-0.3307440000,695,-0.4120850000,696,-0.2792330000,697,-0.1675720000,698,0.0984925000,699,-0.0003546480,700,0.0226880000,701,-0.0049989700,702,-0.0056578000,703,0.0069231200,704,-0.1039720000,705,-0.1550620000,706,-0.2049070000,707,-0.3668910000,708,-0.4174100000,709,-0.4833400000,710,-0.8045900000,711,-1.3109800000,712,-0.5135480000,713,-0.4903650000,714,-0.2983810000,715,-0.4269060000,716,-0.7887570000,717,-1.0272100000,718,-1.1034600000,719,-1.0259500000,720,-0.7479170000,721,-0.4629900000,722,-0.2913780000,723,-0.2120250000,724,-0.0011283000,725,-0.0184703000,726,-0.0062267300,727,-0.0228323000,728,0.0030938600,729,-0.0213404000,730,0.0208872000,731,-0.0434287000,732,-0.0114549000,733,-0.0341677000,734,-0.1354120000,735,-0.1972420000,736,-0.4094140000,737,-0.3825270000,738,-0.4699990000,739,-0.7579080000,740,-0.8685310000,741,-1.3043900000,742,-0.6859730000,743,-0.2670320000,744,-0.2875590000,745,-0.9719280000,746,-0.5505930000,747,-0.4031130000,748,-0.2080700000,749,-0.1193300000,750,-0.1533600000,751,-0.0598156000,752,0.0192171000,753,-0.0051663500,754,-0.0018478000,755,-0.0265874000,756,0.0101965000,757,-0.0268231000,758,0.0038342000,759,-0.0106380000,760,0.0087112400,761,-0.0162518000,762,-0.0259347000,763,-0.0167690000,764,-0.2340730000,765,-0.2055750000,766,-0.2302320000,767,-0.3854740000,768,-0.2966310000,769,-0.3647940000,770,-0.4749590000,771,-0.3937270000,772,-0.4782360000,773,-0.1852900000,774,-0.1178950000,775,-0.0288570000,776,-0.0591991000,777,0.0349247000,778,0.0270284000,779,-0.0246262000,780,-0.0196547000,781,0.0142417000,782,-0.0298898000,783,0.0054599800
13,0,-0.4028070000,797,-1.0000000000,0,-0.0233705000,1,0.0016177000,2,-0.0010270700,3,0.0088183700,4,0.0174068000,5,-0.0020579700,6,-0.0333745000,7,-0.0278520000,8,-0.0084624200,9,-0.0174337000,10,-0.0027819900,11,-0.0067111200,12,0.1068300000,13,0.1501880000,14,0.1389540000,15,0.0387506000,16,-0.0137649000,17,-0.0063315000,18,-0.0126773000,19,0.0303489000,20,0.0052303200,21,-0.0109974000,22,0.0231706000,23,0.0109182000,24,-0.0316157000,25,-0.0127398000,26,0.0021420600,27,0.0039430700,28,-0.0214338000,29,0.0012462300,30,0.0029296200,31,-0.0045869800,32,0.0085017400,33,0.0275477000,34,0.0058129300,35,0.0260249000,36,0.1714880000,37,0.3403510000,38,0.3615770000,39,0.3019340000,40,0.3585410000,41,0.5216160000,42,-0.0199631000,43,-0.0350513000,44,0.5009690000,45,0.7692020000,46,0.6749130000,47,0.5439780000,48,0.5597920000,49,0.3802450000,50,0.2589250000,51,0.1537510000,52,-0.0294778000,53,-0.0030901100,54,0.0068914100,55,-0.0093677900,56,-0.0150723000,57,-0.0143244000,58,-0.0084574900,59,0.1035350000,60,0.2859030000,61,0.3065280000,62,0.2643400000,63,0.4913980000,64,0.3390980000,65,0.3471170000,66,0.5860590000,67,0.6690100000,68,0.2933820000,69,-0.2554050000,70,0.0163058000,71,-0.1437830000,72,-0.2338890000,73,-0.0073025600,74,-0.0749687000,75,-0.0756974000,76,-0.0472200000,77,0.7575630000,78,0.4248010000,79,0.4369610000,80,0.2868780000,81,0.0878075000,82,0.0256362000,83,0.0294628000,84,-0.0224051000,85,-0.0192300000,86,-0.2448680000,87,-0.1310250000,88,0.5897890000,89,0.7351870000,90,0.9535650000,91,0.8638500000,92,0.5313630000,93,0.3351080000,94,0.4835660000,95,0.8141370000,96,0.2533450000,97,0.0516073000,98,0.1304840000,99,0.1889990000,100,-0.0269423000,101,-0.1118280000,102,-0.1279080000,103,-0.1077540000,104,0.0812581000,105,0.1893070000,106,0.2393350000,107,0.5627030000,108,0.5736380000,109,0.3646740000,110,0.2539430000,111,0.0236770000,112,-0.0121817000,113,0.0936775000,114,-0.1270100000,115,0.0626618000,116,-0.0396153000,117,-0.0576676000,118,0.1623680000,119,0.2823130000,120,-0.0515323000,121,0.0339205000,122,0.0549680000,123,0.3210850000,124,0.3888640000,125,0.0101415000,126,0.0547775000,127,0.0550246000,128,0.0060395800,129,0.0113394000,130,0.1165060000,131,-0.0216334000,132,0.0485776000,133,0.0564247000,134,0.2062640000,135,0.4319950000,136,0.7015730000,137,0.7916920000,138,0.3952160000,139,0.2581470000,140,-0.0002012550,141,0.0163162000,142,-0.0973938000,143,0.2203280000,144,-0.0227117000,145,-0.1345050000,146,-0.0312532000,147,0.2001880000,148,0.0097035100,149,0.0899811000,150,-0.0584946000,151,0.1921620000,152,0.1940210000,153,0.0186517000,154,0.0902249000,155,0.0681870000,156,0.1708420000,157,0.0602996000,158,-0.0064499300,159,-0.0591221000,160,0.0890898000,161,-0.0169135000,162,-0.1070770000,163,-0.1408840000,164,0.2276510000,165,0.7600550000,166,0.3797510000,167,0.2705080000,168,-0.0333496000,169,0.3040390000,170,0.3619650000,171,0.4447840000,172,0.4328080000,173,0.1271170000,174,-0.1421720000,175,-0.0596247000,176,0.1527580000,177,0.2817500000,178,-0.1199510000,179,0.0167569000,180,0.0992919000,181,0.0790970000,182,0.1123380000,183,0.2231820000,184,0.1143410000,185,0.0811061000,186,-0.0301695000,187,0.1846530000,188,-0.1171100000,189,-0.0489007000,190,0.1538730000,191,0.2126740000,192,0.3066330000,193,1.5342500000,194,0.6195740000,195,0.1976670000,196,0.0662032000,197,0.3793430000,198,0.3054320000,199,0.9058520000,200,-0.0690661000,201,-0.0257654000,202,0.0286172000,203,-0.0604422000,204,0.3067670000,205,0.2206300000,206,0.0379601000,207,0.1200920000,208,0.0264764000,209,0.1853790000,210,-0.0512348000,211,0.0849859000,212,0.0590020000,213,0.0993459000,214,0.0249799000,215,0.0461444000,216,-0.0854470000,217,-0.1104310000,218,0.2568770000,219,0.2054890000,220,0.5167610000,221,1.2926200000,222,0.5530470000,223,0.3001690000,224,0.2554810000,225,0.5552420000,226,0.3849740000,227,0.9517380000,228,-0.0102293000,229,0.0175347000,230,0.0702588000,231,-0.0883972000,232,0.0274308000,233,0.1594400000,234,0.0665180000,235,0.1707390000,236,0.0597134000,237,-0.0278485000,238,-0.0955095000,239,0.0248804000,240,0.1634060000,241,0.0268014000,242,0.0122782000,243,0.0263888000,244,0.0851906000,245,0.1220470000,246,0.1335660000,247,0.3023190000,248,0.5154550000,249,1.2154500000,250,0.9089090000,251,0.3044930000,252,0.2351420000,253,0.4726630000,254,0.3809410000,255,0.9032170000,256,-0.0926116000,257,0.1929400000,258,-0.0448877000,259,-0.1985560000,260,-0.1838260000,261,-0.1389710000,262,-0.0533601000,263,-0.0212204000,264,-0.0457910000,265,-0.2414400000,266,-0.1342840000,267,0.0098227700,268,0.0984115000,269,0.0987346000,270,0.0397918000,271,-0.0516068000,272,0.3026690000,273,0.3576630000,274,0.1919190000,275,0.3108250000,276,0.3191770000,277,1.1502600000,278,0.5749050000,279,0.4335200000,280,0.2395290000,281,0.4467500000,282,0.4552240000,283,0.6541720000,284,-0.1015420000,285,0.3416150000,286,0.0768408000,287,-0.1750640000,288,-0.1730610000,289,0.0025313800,290,-0.0668360000,291,-0.1389280000,292,-0.0935795000,293,-0.1984260000,294,-0.1163690000,295,-0.1431550000,296,0.0648143000,297,-0.0082399700,298,-0.0023602900,299,-0.0780113000,300,0.1653720000,301,0.1192480000,302,0.0870998000,303,-0.0083550300,304,1.0531200000,305,0.7972540000,306,0.2363610000,307,-0.0571686000,308,0.2488670000,309,0.4041560000,310,0.6441030000,311,0.6329920000,312,-0.1115660000,313,0.1469140000,314,0.4661410000,315,0.1457280000,316,0.3276440000,317,0.1731870000,318,0.0725920000,319,0.0414395000,320,-0.0506365000,321,-0.1078660000,322,-0.0632852000,323,-0.0987003000,324,0.0604627000,325,-0.0110336000,326,0.0455207000,327,0.0641700000,328,-0.1591170000,329,-0.0910592000,330,-0.0884855000,331,-0.0352906000,332,0.9915440000,333,0.4659460000,334,0.1156610000,335,-0.1770410000,336,0.1530170000,337,0.4805750000,338,0.5306540000,339,0.5639470000,340,-0.1660600000,341,0.4043670000,342,0.0007749480,343,0.1045020000,344,0.2555280000,345,0.0681796000,346,0.1575560000,347,0.1291970000,348,-0.0335255000,349,-0.0033011800,350,-0.0549286000,351,-0.0346316000,352,0.0529882000,353,0.0042163400,354,0.0640398000,355,0.1278440000,356,-0.1860900000,357,-0.1484510000,358,-0.2048230000,359,-0.1193930000,360,0.8275910000,361,0.3022540000,362,0.3130470000,363,0.0794079000,364,-0.1995630000,365,0.5489470000,366,0.5569610000,367,0.2855940000,368,-0.1765660000,369,0.2483930000,370,-0.1192380000,371,-0.0437884000,372,0.0415746000,373,0.1742190000,374,0.4517830000,375,0.0487700000,376,0.0991060000,377,0.1494460000,378,0.1190600000,379,0.0472365000,380,0.0643022000,381,-0.1525590000,382,0.2634880000,383,0.0888078000,384,-0.0632228000,385,0.0339962000,386,0.3542570000,387,0.6062940000,388,0.6486590000,389,0.2733280000,390,0.3045580000,391,0.3786130000,392,0.2470870000,393,0.3418800000,394,0.3596220000,395,-0.0032533400,396,-0.2521990000,397,-0.0040611200,398,0.1050130000,399,0.5705460000,400,0.0129681000,401,0.1517540000,402,0.3045060000,403,0.1622100000,404,0.1726250000,405,0.1596130000,406,0.1299730000,407,0.0780933000,408,0.0073174300,409,0.0408034000,410,0.2754820000,411,0.1227030000,412,0.0831550000,413,0.1827920000,414,0.3300980000,415,0.2379430000,416,0.0716841000,417,0.0041249300,418,0.0774889000,419,0.3121340000,420,0.3979000000,421,0.1509850000,422,-0.1582800000,423,0.0298112000,424,0.4956160000,425,0.7145620000,426,0.5049950000,427,0.2030490000,428,0.0393391000,429,0.1121560000,430,0.1052070000,431,0.1628930000,432,0.2122920000,433,0.1784300000,434,0.1274000000,435,0.1322170000,436,0.0446023000,437,0.1397060000,438,0.1493180000,439,0.3518370000,440,0.2886660000,441,0.6447330000,442,0.9245520000,443,0.7175950000,444,0.5809310000,445,0.4000640000,446,0.3501230000,447,0.4820800000,448,0.2592990000,449,0.0050264900,450,-0.2116330000,451,0.6722110000,452,0.7012570000,453,0.1409980000,454,0.1018740000,455,0.0583032000,456,0.1585980000,457,0.1198760000,458,0.0393575000,459,0.2622700000,460,0.3366230000,461,0.2700200000,462,0.1086550000,463,0.0764082000,464,0.0666257000,465,0.1284230000,466,0.1665500000,467,0.1457910000,468,0.1297270000,469,0.1008150000,470,0.0816421000,471,0.1424310000,472,-0.2088610000,473,0.4825520000,474,0.3155640000,475,0.5476200000,476,0.0280526000,477,-0.1524260000,478,0.4625310000,479,0.6994350000,480,0.4695910000,481,0.0605544000,482,0.0111032000,483,0.0034814800,484,0.1037600000,485,0.1235860000,486,0.0651100000,487,0.1581450000,488,0.2309830000,489,0.1880820000,490,-0.0305051000,491,-0.1175640000,492,0.0082536300,493,0.1128820000,494,-0.0392009000,495,-0.0916419000,496,-0.0281973000,497,-0.1603820000,498,-0.1953540000,499,-0.1246600000,500,-0.2569930000,501,0.2906710000,502,0.1895880000,503,0.5162790000,504,0.2275010000,505,0.3149550000,506,0.6526860000,507,0.9515440000,508,1.2609200000,509,0.2274760000,510,0.2692250000,511,0.2101980000,512,0.0848599000,513,-0.0480073000,514,0.0553332000,515,0.0660435000,516,0.2112460000,517,0.1685930000,518,-0.0617938000,519,-0.1398880000,520,0.0061714100,521,-0.0084750100,522,-0.0741135000,523,0.0525210000,524,-0.0948546000,525,0.0250497000,526,-0.0555020000,527,-0.1656840000,528,-0.2770300000,529,-0.0880878000,530,0.2129610000,531,0.1834300000,532,-0.1584040000,533,0.5159470000,534,0.4336810000,535,0.8383310000,536,0.7814340000,537,0.2436400000,538,-0.1732400000,539,-0.0684238000,540,-0.0437458000,541,-0.1731980000,542,-0.0581909000,543,0.0392761000,544,0.1245510000,545,-0.0262825000,546,-0.0304069000,547,-0.1233910000,548,-0.0480027000,549,0.1145890000,550,0.0190621000,551,0.0365286000,552,-0.0447924000,553,-0.0497363000,554,-0.1830720000,555,-0.1865620000,556,-0.2130870000,557,-0.1706810000,558,0.2645490000,559,0.1055920000,560,0.0191486000,561,0.6321650000,562,0.5816160000,563,0.2595400000,564,0.1698290000,565,0.4520880000,566,-0.1519540000,567,-0.0400420000,568,0.0074066600,569,-0.0843159000,570,-0.0232648000,571,0.0158981000,572,0.0306903000,573,0.1104100000,574,-0.0108604000,575,-0.0139943000,576,-0.0825468000,577,-0.0855505000,578,-0.2196650000,579,-0.1947470000,580,-0.1561450000,581,-0.1775280000,582,-0.1970350000,583,-0.1724480000,584,-0.0113353000,585,0.0667421000,586,0.1203370000,587,-0.1546480000,588,-0.2446000000,589,0.4455620000,590,0.6059480000,591,0.0301859000,592,0.1761510000,593,-0.0752837000,594,-0.1034080000,595,0.0769217000,596,0.0665667000,597,0.0233659000,598,0.0348928000,599,0.2478040000,600,0.1985980000,601,0.0498326000,602,0.0607570000,603,0.1046530000,604,-0.0338550000,605,-0.0222248000,606,-0.2632360000,607,-0.1286060000,608,-0.3158910000,609,-0.3080730000,610,-0.0120610000,611,-0.0225908000,612,-0.1628650000,613,-0.1272650000,614,0.1971620000,615,0.0226731000,616,-0.2036830000,617,0.0108600000,618,0.4471150000,619,0.1932020000,620,0.0863152000,621,-0.3211030000,622,-0.0833748000,623,0.1155430000,624,-0.0224835000,625,-0.0487616000,626,0.0925936000,627,0.1909210000,628,0.2868780000,629,0.1828900000,630,0.1655780000,631,0.0714245000,632,0.0898092000,633,-0.0086767100,634,-0.1620250000,635,-0.1541980000,636,-0.3155600000,637,-0.1710360000,638,0.0730536000,639,0.0755938000,640,-0.0678079000,641,-0.1089570000,642,-0.1755040000,643,0.0476855000,644,-0.0306808000,645,-0.0323588000,646,0.5648280000,647,0.8224390000,648,0.6002810000,649,0.0541447000,650,0.0096786800,651,0.0349126000,652,0.1345320000,653,-0.1531850000,654,0.0361006000,655,0.1922800000,656,0.0721376000,657,0.0746508000,658,0.1582100000,659,-0.0116011000,660,0.0900168000,661,-0.0054204400,662,0.1551440000,663,-0.0153712000,664,-0.1847590000,665,0.0841535000,666,0.2361810000,667,0.7164630000,668,0.6878620000,669,0.0999604000,670,-0.2177450000,671,0.0306445000,672,-0.0317676000,673,0.0044393700,674,0.2928010000,675,0.3644360000,676,0.6160160000,677,0.3456510000,678,0.3467890000,679,0.0532927000,680,0.0403036000,681,-0.0480930000,682,-0.0873262000,683,0.0437299000,684,0.1961370000,685,0.2235630000,686,0.2303510000,687,0.1637650000,688,0.6479480000,689,0.1414950000,690,0.1227100000,691,-0.1112820000,692,-0.0124063000,693,0.0470635000,694,0.1339160000,695,0.5275180000,696,0.4460560000,697,-0.0455319000,698,-0.1875170000,699,0.0258999000,700,-0.0128138000,701,-0.0298986000,702,0.2097110000,703,0.2379870000,704,0.4328700000,705,0.6244200000,706,0.6406780000,707,0.8010940000,708,0.2021980000,709,0.2053120000,710,0.6303870000,711,1.0418800000,712,0.1421580000,713,0.2840120000,714,0.3130180000,715,0.5347730000,716,0.9697790000,717,1.3155300000,718,1.3636200000,719,1.2621000000,720,1.3421700000,721,1.0244200000,722,0.6224500000,723,0.4306620000,724,0.3027870000,725,0.2380890000,726,0.2413650000,727,-0.0068492800,728,-0.0351984000,729,-0.0215312000,730,0.0153713000,731,0.0959851000,732,0.3395740000,733,0.5156280000,734,0.8280830000,735,1.2565400000,736,1.6188800000,737,1.3416100000,738,1.2184800000,739,1.5332200000,740,1.2415900000,741,1.7663000000,742,0.9507180000,743,0.3989320000,744,0.4751500000,745,1.4022300000,746,0.6654810000,747,0.6635980000,748,0.8059500000,749,0.6604820000,750,0.5113870000,751,0.3475670000,752,0.0118620000,753,0.1698430000,754,-0.0057427200,755,0.0193364000,756,-0.0165521000,757,-0.0013545600,758,-0.0209613000,759,0.0194182000,760,0.1505400000,761,0.2039630000,762,0.4487900000,763,0.4774260000,764,0.4689810000,765,0.3560990000,766,0.4530040000,767,0.8526600000,768,0.9724290000,769,0.9494080000,770,1.1813000000,771,0.5981400000,772,0.6731350000,773,0.5018890000,774,0.3262670000,775,0.5447650000,776,0.2842040000,777,0.3393120000,778,0.4462400000,779,0.3676830000,780,0.0112597000,781,-0.0106380000,782,0.0131738000,783,0.0176931000
14,0,0.2746080000,798,-1.0000000000,0,0.0302750000,1,-0.0071865800,2,-0.0182497000,3,-0.0334393000,4,0.0131139000,5,0.0135227000,6,0.0113628000,7,-0.0210392000,8,0.0109808000,9,-0.0024318900,10,-0.0201634000,11,-0.0263354000,12,0.0270974000,13,-0.0013078900,14,0.0109033000,15,-0.0017615300,16,-0.0093030600,17,0.0077773000,18,0.0177335000,19,0.0231675000,20,-0.0196976000,21,0.0078029000,22,-0.0066051400,23,0.0068683000,24,0.0217610000,25,-0.0157739000,26,0.0028207700,27,0.0174563000,28,0.0197852000,29,0.0300461000,30,-0.0126451000,31,0.0323516000,32,-0.0137103000,33,-0.0328890000,34,-0.0191149000,35,-0.0034847100,36,-0.0439548000,37,-0.0313481000,38,-0.0444808000,39,-0.0033861400,40,-0.0201624000,41,-0.0018849600,42,0.1090790000,43,0.0935422000,44,-0.1178940000,45,-0.2220860000,46,0.0025962100,47,-0.0289734000,48,0.0119199000,49,-0.0000247359,50,-0.0294593000,51,0.0319103000,52,0.0267019000,53,-0.0296257000,54,0.0232750000,55,-0.0326689000,56,0.0036681800,57,-0.0025489500,58,-0.0143931000,59,0.0316165000,60,0.0152487000,61,0.0097037500,62,-0.0384270000,63,-0.0525179000,64,-0.0117509000,65,-0.0289221000,66,0.0422721000,67,0.0399726000,68,-0.2215080000,69,-0.4065300000,70,-0.4408230000,71,-0.2500210000,72,-0.3935420000,73,-0.5082740000,74,-0.6714790000,75,-0.7166040000,76,-0.5812580000,77,-0.4796070000,78,-0.3200170000,79,-0.3716500000,80,-0.2505130000,81,-0.0488156000,82,-0.0135766000,83,-0.0295614000,84,0.0242308000,85,0.0305323000,86,0.2298440000,87,0.2136410000,88,-0.0147094000,89,-0.2628090000,90,-0.0212339000,91,0.1382640000,92,-0.0826276000,93,0.0523690000,94,0.0840087000,95,-0.1746850000,96,-0.4210080000,97,-0.8171720000,98,-0.9442280000,99,-0.5202180000,100,-0.5399090000,101,-0.6603650000,102,-0.4997630000,103,-0.2967170000,104,-0.3678300000,105,-0.2389510000,106,-0.0822853000,107,-0.4695560000,108,-0.4714270000,109,-0.3042500000,110,-0.2171680000,111,0.0340776000,112,-0.0343983000,113,-0.0326109000,114,0.2644910000,115,0.2090070000,116,0.2166110000,117,-0.2804200000,118,-0.1343940000,119,0.0872488000,120,-0.0858581000,121,-0.3002740000,122,-0.4422310000,123,-0.5058070000,124,-0.6894390000,125,-0.0880869000,126,-0.0529469000,127,0.1280500000,128,0.0289427000,129,-0.1374510000,130,-0.2417090000,131,-0.2342630000,132,-0.0829583000,133,-0.0662699000,134,0.0232536000,135,-0.2399360000,136,-0.5452180000,137,-0.6783280000,138,-0.4073380000,139,-0.2500510000,140,0.0348947000,141,-0.0349082000,142,0.2458460000,143,0.3151900000,144,0.1452000000,145,-0.1185080000,146,-0.2785450000,147,0.0113212000,148,-0.5492860000,149,-0.4269280000,150,-0.7397380000,151,-1.0222800000,152,-0.8981310000,153,-0.0977117000,154,0.0655911000,155,0.1301440000,156,0.0530036000,157,-0.0521213000,158,-0.0646670000,159,-0.1593610000,160,-0.0930961000,161,0.1122840000,162,0.3092950000,163,0.3076150000,164,-0.0243263000,165,-0.7098270000,166,-0.4123840000,167,-0.2869930000,168,-0.0234365000,169,-0.0165848000,170,0.2273080000,171,0.1650810000,172,0.3668950000,173,-0.3776370000,174,-0.4185400000,175,-0.0075622900,176,-0.2698330000,177,-0.4907080000,178,-0.9748880000,179,-0.8971650000,180,-0.4444020000,181,-0.0280230000,182,0.1835120000,183,-0.0288281000,184,-0.1760680000,185,-0.1747790000,186,-0.0557646000,187,-0.1596530000,188,0.0371159000,189,0.0836232000,190,0.1204040000,191,0.0987756000,192,-0.0430949000,193,-0.9195230000,194,-0.1539560000,195,-0.1451200000,196,-0.0251438000,197,-0.2415680000,198,0.0928449000,199,-0.2719740000,200,-0.1934010000,201,-0.3866740000,202,-0.3379460000,203,0.0906900000,204,-0.1895260000,205,-0.2869330000,206,-0.8517370000,207,-0.5917070000,208,-0.1246700000,209,-0.0324380000,210,0.0814294000,211,-0.1420450000,212,-0.1352210000,213,-0.0884690000,214,0.0353106000,215,-0.0537895000,216,0.0639431000,217,0.0799405000,218,0.0588222000,219,0.0814187000,220,-0.2853250000,221,-0.9961990000,222,-0.1759900000,223,-0.1568000000,224,0.0029359200,225,-0.2648250000,226,0.0638207000,227,-0.0590044000,228,-0.2562990000,229,-0.2288210000,230,-0.3482760000,231,-0.2023850000,232,-0.4350120000,233,-0.3233000000,234,-0.4201300000,235,-0.7095550000,236,-0.2950360000,237,-0.1933690000,238,-0.0309867000,239,-0.0068190100,240,0.0217568000,241,0.1433290000,242,0.0277419000,243,-0.0491992000,244,-0.1145390000,245,-0.0197477000,246,-0.0188862000,247,-0.1165020000,248,-0.4461030000,249,-0.9309050000,250,-0.1390230000,251,0.0013951800,252,-0.0332646000,253,-0.3215030000,254,-0.0055192400,255,0.1357650000,256,-0.2267190000,257,-0.2743980000,258,-0.3805590000,259,-0.4787980000,260,-0.2021600000,261,-0.4000810000,262,-0.7554540000,263,-0.4254510000,264,-0.2689500000,265,-0.1277880000,266,-0.0186385000,267,0.1980570000,268,0.3010540000,269,0.1910520000,270,0.0974178000,271,-0.0371025000,272,-0.3808940000,273,-0.0494384000,274,-0.0349723000,275,-0.1520680000,276,-0.2618040000,277,-0.8196270000,278,-0.1750620000,279,-0.1677070000,280,-0.0158037000,281,-0.2593860000,282,-0.2037200000,283,-0.2353050000,284,-0.1351860000,285,-0.0827116000,286,-0.2542290000,287,-0.3488250000,288,-0.4752770000,289,-0.3511880000,290,-0.2399430000,291,-0.1910110000,292,-0.1551470000,293,-0.1649090000,294,0.1354530000,295,0.3819620000,296,0.3630390000,297,0.2234070000,298,0.1709470000,299,0.0667752000,300,-0.1220650000,301,-0.0435432000,302,-0.1403960000,303,-0.1535150000,304,-0.6989700000,305,-0.4891130000,306,-0.0803186000,307,0.1556380000,308,-0.0254061000,309,0.2132660000,310,-0.0156533000,311,-0.0632723000,312,0.1676100000,313,0.1571220000,314,-0.1132100000,315,-0.4579180000,316,-0.6699870000,317,-0.2002240000,318,-0.3425950000,319,-0.1472930000,320,-0.1779030000,321,-0.0953923000,322,0.1388430000,323,0.3528730000,324,0.2803530000,325,0.1772130000,326,0.2426100000,327,0.0908245000,328,-0.0929456000,329,-0.0981384000,330,-0.2549750000,331,-0.7043450000,332,-0.5473250000,333,-0.2312420000,334,-0.0663752000,335,0.1978740000,336,-0.0078801200,337,0.0267498000,338,-0.2993090000,339,0.0791502000,340,0.2188090000,341,0.0595305000,342,-0.1324830000,343,-0.3200930000,344,-0.5485890000,345,-0.1540740000,346,-0.2917940000,347,-0.2792310000,348,-0.0912778000,349,-0.0114248000,350,0.1728060000,351,0.2238840000,352,0.1448210000,353,0.1338460000,354,0.1894260000,355,0.0345754000,356,-0.2110570000,357,-0.1038840000,358,-0.0392451000,359,-0.1761150000,360,-0.3338290000,361,-0.2819680000,362,-0.2715830000,363,-0.0151224000,364,0.2052290000,365,0.0328392000,366,-0.3293250000,367,0.2267750000,368,0.0677226000,369,-0.2505530000,370,-0.3145460000,371,0.0415505000,372,-0.2174180000,373,-0.2537810000,374,-0.3582850000,375,-0.0424339000,376,-0.0281042000,377,0.0740331000,378,0.1270220000,379,0.0540788000,380,0.0832267000,381,0.1559560000,382,0.2379950000,383,0.0728888000,384,-0.3740120000,385,0.0489585000,386,-0.1181970000,387,-0.2137040000,388,-0.4291040000,389,-0.2779250000,390,-0.2076440000,391,-0.0257185000,392,-0.0043929400,393,0.0176840000,394,0.1075950000,395,0.3287500000,396,0.1101400000,397,-0.4834760000,398,-0.4846800000,399,-0.0013925500,400,-0.1882120000,401,-0.4046220000,402,-0.2179680000,403,0.0140710000,404,0.0606441000,405,0.0970835000,406,0.0844321000,407,-0.0237000000,408,0.0912281000,409,0.1079910000,410,0.1873640000,411,0.0905313000,412,-0.1402760000,413,0.3139990000,414,0.0846886000,415,-0.0218973000,416,0.0507967000,417,0.0525237000,418,0.0476817000,419,0.0068690500,420,-0.0051185700,421,0.0040670600,422,0.2737970000,423,0.2654000000,424,0.0330466000,425,-0.4066250000,426,-0.1984700000,427,0.0463747000,428,0.0774442000,429,-0.1512740000,430,0.1392570000,431,0.0927277000,432,0.0677683000,433,0.1582280000,434,-0.0052921400,435,-0.0443185000,436,0.1589570000,437,-0.0090323300,438,-0.0073580400,439,-0.2136300000,440,-0.6913230000,441,0.1954940000,442,0.0494205000,443,-0.0614103000,444,-0.0439728000,445,-0.0575514000,446,0.0021351800,447,0.0259186000,448,-0.0204662000,449,0.0426278000,450,0.3021920000,451,-0.2059040000,452,-0.2913400000,453,-0.2972850000,454,-0.1154200000,455,-0.0911573000,456,-0.1325370000,457,0.1978400000,458,0.0771897000,459,0.1162420000,460,0.1631130000,461,0.1682320000,462,0.0394694000,463,-0.0948945000,464,-0.0273560000,465,-0.0981410000,466,-0.2029470000,467,-0.5806020000,468,-0.5334410000,469,0.1128380000,470,-0.0482612000,471,-0.4091580000,472,-0.2800030000,473,-0.2686150000,474,0.1717760000,475,-0.0078271600,476,-0.0281422000,477,0.2217500000,478,0.1267540000,479,-0.2059820000,480,-0.2062530000,481,-0.3278130000,482,-0.2298240000,483,-0.2867840000,484,-0.3351050000,485,-0.0216470000,486,0.0530172000,487,0.1592100000,488,0.2464310000,489,0.1916890000,490,0.0108770000,491,-0.1958030000,492,-0.0910371000,493,-0.2531130000,494,-0.3680630000,495,-0.2912260000,496,-0.3803610000,497,-0.0761680000,498,-0.0875125000,499,-0.3123200000,500,-0.3092110000,501,0.0598729000,502,0.1510050000,503,0.0371831000,504,-0.0301920000,505,0.2475430000,506,-0.1378280000,507,-0.1688400000,508,-0.4659530000,509,-1.2071700000,510,-0.8707230000,511,-0.4121880000,512,-0.3727010000,513,0.1171250000,514,0.0386782000,515,0.3277360000,516,0.2789280000,517,0.1420370000,518,-0.0431341000,519,-0.3316430000,520,-0.1774630000,521,-0.0988425000,522,-0.1580070000,523,-0.0342964000,524,-0.2138240000,525,0.0501057000,526,-0.1396600000,527,-0.1639110000,528,-0.3137930000,529,0.0775426000,530,0.1862200000,531,0.2035330000,532,0.1749130000,533,0.0017907700,534,-0.0840780000,535,-0.0051344300,536,-0.0169776000,537,-0.6303840000,538,-0.3927460000,539,-0.3288310000,540,-0.1581550000,541,0.0011657700,542,0.0434240000,543,0.2499290000,544,0.1871020000,545,0.1708930000,546,-0.0689763000,547,-0.3352440000,548,-0.1063050000,549,-0.0736623000,550,-0.2861990000,551,-0.0640388000,552,-0.1997960000,553,0.0774232000,554,-0.0888206000,555,-0.1340460000,556,-0.1129920000,557,0.1462660000,558,0.1968720000,559,0.2052100000,560,-0.0181575000,561,-0.1609970000,562,-0.2894040000,563,-0.4252900000,564,0.2360240000,565,-0.1859730000,566,-0.0900712000,567,-0.0204592000,568,-0.0925482000,569,-0.1169580000,570,0.0628763000,571,0.1900790000,572,0.1808840000,573,-0.0310609000,574,-0.0431404000,575,-0.1596490000,576,0.0099420900,577,-0.0181587000,578,-0.2693970000,579,-0.1520870000,580,-0.3393810000,581,-0.3242140000,582,0.0001339000,583,0.0715046000,584,0.1092180000,585,0.1741760000,586,0.1715890000,587,0.2118790000,588,0.1980470000,589,0.1978900000,590,-0.2127440000,591,-0.2529870000,592,-0.4067790000,593,0.2187280000,594,-0.0049668200,595,-0.0995263000,596,-0.2394520000,597,-0.1272220000,598,0.2043200000,599,-0.0014156600,600,-0.0641654000,601,-0.0980141000,602,0.0191505000,603,-0.0369041000,604,-0.0699587000,605,-0.5235800000,606,-0.2616900000,607,-0.3075460000,608,-0.2445450000,609,-0.3804110000,610,0.0548950000,611,0.1194010000,612,0.2612890000,613,0.1361280000,614,0.3109770000,615,0.0346904000,616,0.1968010000,617,0.1922530000,618,0.0776066000,619,-0.2212440000,620,-0.2900240000,621,0.3698680000,622,0.0812815000,623,-0.0845241000,624,-0.1121930000,625,-0.0795066000,626,0.0646982000,627,-0.0805793000,628,-0.1945760000,629,-0.0390143000,630,0.0762481000,631,-0.0074428800,632,0.0202401000,633,-0.1993450000,634,-0.0634910000,635,-0.0999003000,636,-0.0352954000,637,-0.4962150000,638,-0.1955340000,639,-0.1338620000,640,-0.0586138000,641,0.2179570000,642,0.2776290000,643,-0.0016343700,644,0.0272263000,645,0.0234002000,646,-0.0250876000,647,-0.3154970000,648,-0.5429720000,649,0.2673720000,650,0.1969390000,651,-0.1427230000,652,-0.0548715000,653,-0.0828545000,654,0.0559380000,655,0.0309644000,656,0.0757113000,657,0.1409870000,658,0.1227990000,659,0.0284324000,660,0.1849250000,661,0.0318294000,662,-0.1335370000,663,-0.1399000000,664,-0.0972311000,665,-0.0271179000,666,0.0952847000,667,0.0532190000,668,0.2265830000,669,0.3144440000,670,0.2659990000,671,0.0080439600,672,0.0033119900,673,0.0050206700,674,-0.0020849500,675,-0.3285980000,676,-0.5061850000,677,-0.1868070000,678,-0.1515220000,679,-0.2101530000,680,-0.2265640000,681,-0.0551257000,682,-0.0676504000,683,-0.0101293000,684,-0.1087500000,685,-0.0357724000,686,0.1410620000,687,0.0793641000,688,-0.1680910000,689,0.0228241000,690,-0.2452080000,691,0.1983310000,692,0.2525180000,693,0.2109760000,694,0.1838440000,695,0.1776040000,696,-0.0523056000,697,0.1315010000,698,0.1638900000,699,-0.0112789000,700,0.0090813500,701,0.0110444000,702,0.0191792000,703,-0.2490780000,704,-0.4156820000,705,-0.5820890000,706,-0.5889750000,707,-0.6728210000,708,-0.0911633000,709,-0.0993080000,710,-0.4631460000,711,-0.5124990000,712,-0.2284320000,713,-0.2419930000,714,-0.3220360000,715,-1.0256300000,716,-0.5650010000,717,-0.0595138000,718,-0.2670350000,719,-0.2402990000,720,-0.0208098000,721,-0.0011999800,722,-0.0162623000,723,-0.1837450000,724,-0.1930130000,725,0.0273211000,726,0.0041239200,727,0.0067283100,728,0.0199993000,729,0.0350604000,730,0.0300996000,731,-0.0695875000,732,-0.0957658000,733,-0.2147480000,734,-0.4118220000,735,-0.4261780000,736,-0.4684100000,737,-0.5943920000,738,-0.4857920000,739,-0.4958970000,740,-0.6287700000,741,-0.6347420000,742,-0.6564050000,743,-0.5494970000,744,-0.2998280000,745,-0.2607300000,746,-0.2689120000,747,-0.2235000000,748,0.0125286000,749,-0.0981791000,750,-0.0759862000,751,-0.0355606000,752,-0.0149053000,753,0.0029741700,754,-0.0099696300,755,0.0126708000,756,-0.0078805900,757,0.0058275300,758,0.0130949000,759,0.0345090000,760,-0.0426774000,761,0.0084955600,762,-0.0403627000,763,-0.0433382000,764,-0.0423222000,765,-0.0294386000,766,-0.0582180000,767,-0.0815747000,768,-0.1425910000,769,-0.1414070000,770,-0.0524093000,771,-0.0020382400,772,0.0022124600,773,-0.2216650000,774,-0.2267530000,775,-0.2583840000,776,0.0050735500,777,0.0169063000,778,0.0348026000,779,-0.0168952000,780,-0.0129793000,781,-0.0224800000,782,0.0005984260,783,0.0155936000
15,0,0.2829170000,799,-1.0000000000,0,-0.0239013000,1,-0.0241192000,2,-0.0097529500,3,0.0245293000,4,-0.0164998000,5,-0.0218915000,6,0.0213817000,7,0.0202323000,8,-0.0336288000,9,0.0322302000,10,0.0223052000,11,0.0353199000,12,0.0108618000,13,-0.0013860300,14,0.0318799000,15,0.0036526600,16,0.0117616000,17,-0.0317571000,18,-0.0231322000,19,0.0183290000,20,-0.0145673000,21,-0.0206630000,22,0.0261713000,23,0.0173444000,24,0.0124778000,25,-0.0273567000,26,-0.0140821000,27,-0.0233700000,28,0.0065031600,29,0.0233920000,30,-0.0001216360,31,0.0026706200,32,0.0015896600,33,0.0334255000,34,0.0147807000,35,-0.0365208000,36,-0.0310311000,37,-0.0580401000,38,-0.0586690000,39,-0.0311949000,40,0.0013327400,41,-0.0394755000,42,0.0383780000,43,0.0195613000,44,-0.0131637000,45,-0.0547114000,46,-0.0223870000,47,-0.0111118000,48,-0.0117388000,49,0.0313295000,50,-0.0251166000,51,-0.0059701700,52,-0.0177022000,53,0.0287809000,54,-0.0352421000,55,0.0215480000,56,-0.0277003000,57,0.0241069000,58,-0.0298168000,59,-0.0170019000,60,-0.0191308000,61,0.0216365000,62,0.0199356000,63,-0.0848005000,64,-0.0839151000,65,-0.1138420000,66,-0.1631820000,67,-0.1566720000,68,-0.2283230000,69,-0.3146700000,70,-0.3421750000,71,-0.3156370000,72,-0.4171270000,73,-0.3983870000,74,-0.4238580000,75,-0.4396570000,76,-0.3950870000,77,-0.2767890000,78,-0.0701956000,79,-0.0536073000,80,-0.0820037000,81,-0.0568655000,82,-0.0255929000,83,0.0170360000,84,-0.0330984000,85,0.0204117000,86,0.2230270000,87,0.2202330000,88,-0.0244158000,89,-0.2644220000,90,-0.0430322000,91,0.0816042000,92,-0.1555150000,93,-0.1399370000,94,-0.2443030000,95,-0.4328420000,96,-0.2299410000,97,-0.4203810000,98,-0.8118920000,99,-0.5520790000,100,-0.5354150000,101,-0.5631040000,102,-0.5105600000,103,-0.4101620000,104,-0.4885350000,105,-0.6726380000,106,-0.2850180000,107,-0.1823780000,108,-0.1955800000,109,-0.1492740000,110,-0.0890820000,111,-0.0239551000,112,-0.0217462000,113,0.0034475700,114,0.2596990000,115,0.1973380000,116,0.0168143000,117,-0.3096210000,118,-0.0954792000,119,0.0297849000,120,-0.2139520000,121,-0.4880890000,122,-0.4846720000,123,-0.1843920000,124,-0.0719466000,125,0.1364480000,126,0.0612471000,127,0.0802935000,128,0.0635346000,129,-0.0381336000,130,0.0206158000,131,-0.0776548000,132,-0.2622520000,133,-0.3681410000,134,-0.4079900000,135,-0.4352140000,136,-0.3750430000,137,-0.4956450000,138,-0.1500130000,139,-0.0637103000,140,-0.0041953200,141,-0.0116359000,142,0.2519260000,143,0.2343190000,144,0.1478820000,145,-0.2414600000,146,-0.2310470000,147,0.0574033000,148,-0.6974820000,149,-0.6215650000,150,-0.8382740000,151,-0.3931330000,152,-0.1528230000,153,0.0750620000,154,0.1306210000,155,0.0592596000,156,0.0169483000,157,-0.0654744000,158,-0.0361298000,159,-0.0826739000,160,-0.2126300000,161,-0.5256420000,162,-0.4772200000,163,-0.4281940000,164,-0.3165570000,165,-0.3174190000,166,-0.1816610000,167,-0.1115910000,168,-0.0212884000,169,-0.0076966600,170,0.2384130000,171,0.0022860500,172,0.0885855000,173,-0.3392580000,174,-0.3178820000,175,-0.0363520000,176,-0.5182680000,177,-0.7469900000,178,-1.0425500000,179,-0.3555340000,180,-0.0161268000,181,0.0900661000,182,0.0901408000,183,-0.1034230000,184,-0.1041100000,185,-0.0898967000,186,0.0495358000,187,-0.1476380000,188,-0.1722300000,189,-0.3877760000,190,-0.4841860000,191,-0.3855120000,192,-0.2470260000,193,-0.3267260000,194,-0.1125010000,195,-0.0708378000,196,-0.0109993000,197,-0.1534940000,198,0.0654485000,199,-0.1929060000,200,-0.0230012000,201,-0.2290320000,202,-0.1942110000,203,-0.1255630000,204,-0.3746110000,205,-0.7056020000,206,-1.0158700000,207,-0.2057480000,208,0.1391400000,209,0.1152870000,210,0.0229862000,211,-0.0929667000,212,-0.1126320000,213,-0.0182960000,214,0.0259319000,215,0.0403982000,216,-0.0584309000,217,-0.1493620000,218,-0.1990900000,219,-0.2945150000,220,-0.4392020000,221,-0.3778310000,222,0.0028828200,223,-0.0319501000,224,0.0132413000,225,-0.2221480000,226,0.0080476400,227,0.0292156000,228,-0.0618151000,229,-0.1539440000,230,-0.1264030000,231,-0.1777650000,232,-0.3243920000,233,-0.4969220000,234,-0.3854610000,235,-0.2703550000,236,-0.0910116000,237,-0.0075790800,238,0.1080180000,239,0.0400491000,240,-0.0192788000,241,0.0766557000,242,0.0267399000,243,-0.0337417000,244,-0.3067090000,245,-0.2487120000,246,-0.2672800000,247,-0.3491860000,248,-0.5441000000,249,-0.3908250000,250,-0.1043790000,251,-0.0060188100,252,-0.0679769000,253,-0.1978010000,254,-0.1043840000,255,0.1352750000,256,-0.1203680000,257,-0.1857880000,258,-0.1502990000,259,-0.1945560000,260,-0.0322154000,261,-0.1231600000,262,-0.3486720000,263,-0.1360240000,264,-0.1084900000,265,0.0514203000,266,0.1495120000,267,0.2227710000,268,0.1864450000,269,0.0937325000,270,0.0626139000,271,-0.2240530000,272,-0.5107600000,273,-0.1081930000,274,-0.0996639000,275,-0.3772630000,276,-0.4598350000,277,-0.1904370000,278,0.0462514000,279,0.0039989600,280,-0.0638739000,281,-0.1613290000,282,-0.2280200000,283,-0.2756510000,284,0.0178548000,285,-0.1141500000,286,-0.1840540000,287,-0.2182960000,288,-0.3696300000,289,-0.3445990000,290,-0.1579660000,291,-0.0470462000,292,-0.1398150000,293,0.0019303200,294,0.2839180000,295,0.3120450000,296,0.2170520000,297,0.0538789000,298,-0.0463098000,299,-0.1882420000,300,-0.1451170000,301,0.0022833500,302,-0.0547817000,303,-0.3791800000,304,-0.5720430000,305,0.0065745500,306,0.1100370000,307,0.1790750000,308,-0.0447332000,309,0.2089000000,310,-0.1052130000,311,0.0420307000,312,0.1386220000,313,0.1410090000,314,-0.1002420000,315,-0.1918460000,316,-0.3864610000,317,-0.1633190000,318,-0.0894043000,319,-0.1063330000,320,-0.2192390000,321,0.0294786000,322,0.2815110000,323,0.2620530000,324,0.1430020000,325,0.0184999000,326,0.0147949000,327,-0.2952530000,328,-0.0942213000,329,0.0616534000,330,-0.0328683000,331,-0.2051370000,332,-0.2245530000,333,-0.0231836000,334,0.0533272000,335,0.1900020000,336,-0.0317063000,337,-0.0107540000,338,-0.1437900000,339,0.1109770000,340,0.2124160000,341,0.1004830000,342,-0.0520784000,343,-0.1457890000,344,-0.3621180000,345,-0.1581370000,346,-0.3541470000,347,-0.3027370000,348,-0.0065761300,349,0.0786742000,350,0.3083440000,351,0.0752862000,352,-0.0201013000,353,0.0202411000,354,0.0534410000,355,-0.4520810000,356,-0.0750432000,357,0.0726228000,358,0.0582553000,359,-0.1538960000,360,-0.3207810000,361,-0.1633760000,362,-0.2221660000,363,-0.0664064000,364,0.2318820000,365,0.0235676000,366,-0.0986253000,367,0.2456350000,368,0.2114560000,369,0.0006227310,370,-0.1492680000,371,-0.2614100000,372,-0.1172870000,373,-0.2744960000,374,-0.3662850000,375,-0.1630990000,376,0.0411263000,377,0.1093360000,378,0.1686090000,379,-0.1294420000,380,-0.0829460000,381,0.0516849000,382,0.0145491000,383,-0.2403020000,384,-0.1781670000,385,0.1437810000,386,-0.0647168000,387,-0.2056690000,388,-0.3286270000,389,-0.1974770000,390,-0.2020370000,391,0.0169829000,392,0.0229978000,393,0.0136747000,394,0.1607910000,395,0.2400900000,396,0.1271560000,397,-0.2105900000,398,-0.2810830000,399,-0.2575920000,400,-0.0723084000,401,-0.1655840000,402,-0.1204120000,403,-0.0245141000,404,0.1695130000,405,0.0898814000,406,0.0191240000,407,-0.1696050000,408,-0.0258607000,409,0.0052401700,410,0.1050460000,411,-0.0621493000,412,0.1207350000,413,0.3699200000,414,0.1457520000,415,0.0521514000,416,0.0712021000,417,0.0957198000,418,-0.0071050200,419,0.0288866000,420,-0.0040808100,421,-0.0133186000,422,0.2343570000,423,-0.0154308000,424,0.0338910000,425,-0.0157286000,426,0.1779360000,427,0.1797950000,428,0.0763328000,429,0.0076000200,430,0.0103476000,431,0.1274790000,432,0.1718800000,433,0.1482530000,434,-0.0620622000,435,-0.2050040000,436,0.0481876000,437,0.0226593000,438,-0.0337003000,439,-0.6023190000,440,-0.2326580000,441,0.2955770000,442,0.0877851000,443,-0.0079029200,444,-0.0775996000,445,-0.0802330000,446,-0.0108739000,447,-0.0782179000,448,0.0305831000,449,0.0746306000,450,0.2863770000,451,-0.1744550000,452,-0.2389860000,453,0.0964816000,454,0.1886420000,455,0.1968470000,456,0.1224310000,457,0.2070170000,458,0.0223834000,459,0.1263100000,460,0.1668080000,461,0.1303010000,462,-0.0078726200,463,-0.1581510000,464,0.0660020000,465,-0.0293610000,466,-0.2436850000,467,-0.3631850000,468,-0.0172040000,469,0.2073190000,470,0.0928355000,471,-0.3801310000,472,-0.2895770000,473,-0.2001750000,474,0.1186230000,475,0.0259508000,476,0.0075778500,477,0.2133330000,478,0.1137030000,479,-0.1626660000,480,-0.3571140000,481,0.1239230000,482,0.1368830000,483,0.1323430000,484,0.0686193000,485,0.0019415200,486,-0.0497758000,487,0.0111237000,488,0.1431160000,489,0.2022060000,490,0.1109340000,491,-0.1413150000,492,-0.0720931000,493,-0.3037690000,494,-0.1490250000,495,0.1101340000,496,0.1607850000,497,0.1107740000,498,-0.0158502000,499,-0.3689670000,500,-0.3045440000,501,0.0622202000,502,0.1949540000,503,0.0495101000,504,-0.1056630000,505,0.2710460000,506,0.0033037000,507,-0.0640253000,508,-0.3686580000,509,-0.4333890000,510,-0.2940960000,511,0.0310324000,512,-0.1408620000,513,0.0065670300,514,-0.0954962000,515,0.0933702000,516,0.1531280000,517,0.2039030000,518,0.0899526000,519,-0.1980630000,520,-0.2582790000,521,-0.3401920000,522,-0.0402545000,523,0.1760730000,524,0.0471211000,525,0.0533184000,526,-0.1755610000,527,-0.3274900000,528,-0.3546750000,529,0.1125040000,530,0.1832230000,531,0.1920010000,532,0.1244150000,533,0.1921820000,534,0.1001910000,535,0.1554360000,536,-0.2594120000,537,-0.2679760000,538,-0.4358020000,539,-0.0853516000,540,-0.3637320000,541,-0.0732512000,542,-0.1513100000,543,0.0814532000,544,0.1865380000,545,0.2440240000,546,0.1251160000,547,-0.2340200000,548,-0.2660590000,549,-0.2694580000,550,-0.1041350000,551,-0.0254987000,552,-0.2672100000,553,-0.2363760000,554,-0.2660200000,555,-0.3106280000,556,-0.2908740000,557,0.0812735000,558,0.1971280000,559,0.2157370000,560,-0.0037984200,561,-0.0503658000,562,0.0626025000,563,0.0657353000,564,-0.1428970000,565,-0.2668180000,566,-0.2657520000,567,-0.3964550000,568,-0.3819500000,569,-0.1849260000,570,-0.0375805000,571,0.0788301000,572,0.2304520000,573,0.0715855000,574,0.1062190000,575,-0.1082960000,576,-0.1334340000,577,-0.1561450000,578,-0.1939510000,579,-0.1602580000,580,-0.3802400000,581,-0.3773580000,582,-0.1584140000,583,-0.3013450000,584,-0.0433077000,585,0.1215690000,586,0.1695220000,587,0.2158120000,588,0.2585130000,589,0.1896450000,590,-0.0436807000,591,-0.0322524000,592,-0.1394890000,593,-0.0755988000,594,-0.1201160000,595,-0.3533590000,596,-0.3969360000,597,-0.1367610000,598,0.1257670000,599,-0.0052874100,600,0.0178969000,601,-0.0561732000,602,0.0629628000,603,-0.0653398000,604,-0.0648910000,605,-0.3759450000,606,-0.1667400000,607,-0.2067630000,608,-0.2856580000,609,-0.3322120000,610,-0.0759232000,611,-0.2108890000,612,0.1275440000,613,0.0669426000,614,0.2466150000,615,-0.0017477000,616,0.2431240000,617,0.1788200000,618,-0.0350656000,619,-0.0916797000,620,-0.1541800000,621,-0.0946625000,622,-0.2838550000,623,-0.3860870000,624,-0.2542830000,625,-0.0427781000,626,0.0705869000,627,-0.0668642000,628,-0.0474667000,629,-0.0143839000,630,0.0512586000,631,-0.1157900000,632,-0.0979286000,633,-0.0536202000,634,0.0448328000,635,-0.1954880000,636,-0.1315450000,637,-0.4225280000,638,-0.1728030000,639,-0.1818840000,640,-0.0619876000,641,0.1905310000,642,0.2664080000,643,0.0236323000,644,-0.0036711800,645,0.0335981000,646,-0.0431680000,647,-0.1226710000,648,-0.2156870000,649,-0.0734517000,650,0.0305578000,651,-0.0633136000,652,-0.1005690000,653,-0.0490382000,654,-0.0773305000,655,0.0122988000,656,0.1537450000,657,0.0698465000,658,0.0355883000,659,-0.0605549000,660,0.0765092000,661,0.2224820000,662,-0.1072800000,663,-0.1770560000,664,-0.1196190000,665,-0.0972172000,666,0.0403241000,667,-0.0078801300,668,0.1682190000,669,0.2816990000,670,0.2903480000,671,-0.0257018000,672,0.0040098900,673,0.0308646000,674,-0.0275651000,675,-0.1189380000,676,-0.2967060000,677,-0.2595810000,678,-0.1217540000,679,-0.1520470000,680,-0.2709500000,681,-0.3264980000,682,-0.2297620000,683,-0.2039500000,684,-0.2383830000,685,-0.2564720000,686,-0.1716890000,687,-0.1449320000,688,-0.2556130000,689,0.1513590000,690,0.0098175600,691,0.1363080000,692,0.1777830000,693,0.1705820000,694,0.1656780000,695,0.1878810000,696,-0.0655153000,697,0.2397160000,698,0.2379850000,699,0.0286150000,700,0.0100651000,701,-0.0325855000,702,0.0065445700,703,-0.0018736500,704,-0.0672904000,705,-0.1910910000,706,-0.2675730000,707,-0.6859060000,708,-0.4012180000,709,-0.2766520000,710,-0.5003180000,711,-0.5626470000,712,-0.2625190000,713,-0.2300710000,714,-0.2376490000,715,-0.5192430000,716,-0.4449600000,717,-0.1644990000,718,-0.3549540000,719,-0.3037470000,720,0.0171489000,721,-0.0032046800,722,-0.0470969000,723,-0.0244469000,724,-0.0137264000,725,-0.0057165900,726,0.0028044400,727,-0.0179641000,728,-0.0327523000,729,-0.0088760900,730,0.0122780000,731,-0.0144287000,732,-0.0874767000,733,-0.0924701000,734,-0.1454020000,735,-0.1480550000,736,-0.2916530000,737,-0.4709460000,738,-0.3973170000,739,-0.4922580000,740,-0.7441420000,741,-0.8023690000,742,-0.6821260000,743,-0.4464760000,744,-0.2888260000,745,-0.3350380000,746,-0.2521740000,747,-0.2631650000,748,-0.0222266000,749,-0.0403622000,750,-0.0236905000,751,-0.0448563000,752,0.0146142000,753,-0.0021950600,754,-0.0224200000,755,0.0236609000,756,0.0113987000,757,-0.0273359000,758,-0.0041925100,759,0.0024149200,760,-0.0017378700,761,-0.0058127900,762,-0.0287365000,763,-0.0093372700,764,-0.0143019000,765,0.0044657300,766,-0.0390639000,767,-0.1139160000,768,-0.1490110000,769,-0.1102880000,770,-0.0808156000,771,-0.0511080000,772,0.0043763500,773,-0.2335500000,774,-0.2323080000,775,-0.2791800000,776,0.0263207000,777,-0.0072116400,778,0.0353369000,779,-0.0303492000,780,-0.0030934600,781,-0.0333652000,782,-0.0133358000,783,0.0255345000
16,0,0.2960400000,816,-1.0000000000,800,0.1353650000,801,0.8162740000,802,-0.3334760000,803,-0.1820150000,804,0.6418560000,805,-0.2878000000,806,0.6142980000,807,-0.2604660000,808,0.1128970000,809,0.6040290000,810,0.4909710000,811,1.1204400000,812,0.7672000000,813,-0.3979530000,814,0.7010780000,815,0.6635160000
0,relu,800,784
1,relu,801,785
2,relu,802,786
3,relu,803,787
4,relu,804,788
5,relu,805,789
6,relu,806,790
7,relu,807,791
8,relu,808,792
9,relu,809,793
10,relu,810,794
11,relu,811,795
12,relu,812,796
13,relu,813,797
14,relu,814,798
15,relu,815,799